name,kind,leave_year,y2019_excess,y2019_total,y2019_dd,y2019_trades,y2020_excess,y2020_total,y2020_dd,y2020_trades,y2021_excess,y2021_total,y2021_dd,y2021_trades,y2022_excess,y2022_total,y2022_dd,y2022_trades,y2023_excess,y2023_total,y2023_dd,y2023_trades,y2024_excess,y2024_total,y2024_dd,y2024_trades,selection_avg_excess,replay_2019_excess,replay_2020_excess,replay_2021_excess,replay_2022_excess,replay_2023_excess,replay_2024_excess,breadth_drop_threshold,breadth_panic_ratio,breadth_risk_recovery_days,breadth_risk_switch_hurdle_pct,breadth_normal_to_risk_min_days,breadth_effective_lag_days,y2019_risk_days,y2020_risk_days,y2021_risk_days,y2022_risk_days,y2023_risk_days,y2024_risk_days,main_floor_pass_count,passes_main_floors,params_json,_candidate_idx,selected_passes,selected_total,adoption_pass
medium_baseline,baseline,2019,0.161312,0.368678,-0.107537,140,-0.130604,-0.026438,-0.131274,90,-0.050441,0.071257,-0.083862,116,0.014425,-0.147596,-0.174975,149,-0.031027,-0.058647,-0.14319,166,0.030085,0.025727,-0.170346,255,-0.033512,0.161312,,,,,,,,,,,,,,,,,,,,,,,,
medium_baseline,baseline,2020,0.161312,0.368678,-0.107537,140,-0.130604,-0.026438,-0.131274,90,-0.050441,0.071257,-0.083862,116,0.014425,-0.147596,-0.174975,149,-0.031027,-0.058647,-0.14319,166,0.030085,0.025727,-0.170346,255,0.024871,,-0.130604,,,,,,,,,,,,,,,,,,,,,,,
medium_baseline,baseline,2021,0.161312,0.368678,-0.107537,140,-0.130604,-0.026438,-0.131274,90,-0.050441,0.071257,-0.083862,116,0.014425,-0.147596,-0.174975,149,-0.031027,-0.058647,-0.14319,166,0.030085,0.025727,-0.170346,255,0.008838,,,-0.050441,,,,,,,,,,,,,,,,,,,,,,
medium_baseline,baseline,2022,0.161312,0.368678,-0.107537,140,-0.130604,-0.026438,-0.131274,90,-0.050441,0.071257,-0.083862,116,0.014425,-0.147596,-0.174975,149,-0.031027,-0.058647,-0.14319,166,0.030085,0.025727,-0.170346,255,-0.004135,,,,0.014425,,,,,,,,,,,,,,,,,,,,,
medium_baseline,baseline,2023,0.161312,0.368678,-0.107537,140,-0.130604,-0.026438,-0.131274,90,-0.050441,0.071257,-0.083862,116,0.014425,-0.147596,-0.174975,149,-0.031027,-0.058647,-0.14319,166,0.030085,0.025727,-0.170346,255,0.004955,,,,,-0.031027,,,,,,,,,,,,,,,,,,,,
medium_baseline,baseline,2024,0.161312,0.368678,-0.107537,140,-0.130604,-0.026438,-0.131274,90,-0.050441,0.071257,-0.083862,116,0.014425,-0.147596,-0.174975,149,-0.031027,-0.058647,-0.14319,166,0.030085,0.025727,-0.170346,255,-0.007267,,,,,,0.030085,,,,,,,,,,,,,,,,,,,
breadth_dropm0p03_ratio0p2_rec1_h0p05_min1,candidate,,0.153592,0.360957,-0.106705,147,-0.214114,-0.109947,-0.191385,94,-0.037862,0.083837,-0.094061,152,0.03137,-0.130651,-0.15942,187,-0.029066,-0.056686,-0.141317,168,0.015924,0.011565,-0.164304,263,,,,,,,,-0.03,0.2,1,0.05,1,1,4,13,6,8,0,5,1,0,"{""breadth_drop_threshold"": -0.03, ""breadth_effective_lag_days"": 1, ""breadth_normal_to_risk_min_days"": 1, ""breadth_panic_ratio"": 0.2, ""breadth_risk_recovery_days"": 1, ""breadth_risk_switch_hurdle_pct"": 0.05, ""name"": ""breadth_dropm0p03_ratio0p2_rec1_h0p05_min1""}",0,,,
breadth_dropm0p03_ratio0p2_rec1_h0p05_min2,candidate,,0.152012,0.359378,-0.107737,152,-0.178799,-0.074633,-0.160351,98,-0.033534,0.088164,-0.088886,154,0.044858,-0.117163,-0.151686,195,-0.029066,-0.056686,-0.141317,168,0.016739,0.012381,-0.164269,264,,,,,,,,-0.03,0.2,1,0.05,2,1,0,1,0,1,0,0,2,0,"{""breadth_drop_threshold"": -0.03, ""breadth_effective_lag_days"": 1, ""breadth_normal_to_risk_min_days"": 2, ""breadth_panic_ratio"": 0.2, ""breadth_risk_recovery_days"": 1, ""breadth_risk_switch_hurdle_pct"": 0.05, ""name"": ""breadth_dropm0p03_ratio0p2_rec1_h0p05_min2""}",1,,,
breadth_dropm0p03_ratio0p2_rec1_h0p08_min1,candidate,,0.153592,0.360957,-0.106705,147,-0.214367,-0.1102,-0.191617,94,-0.037862,0.083837,-0.094061,152,0.03137,-0.130651,-0.15942,187,-0.029066,-0.056686,-0.141317,168,0.015924,0.011565,-0.164304,263,,,,,,,,-0.03,0.2,1,0.08,1,1,4,13,6,8,0,5,1,0,"{""breadth_drop_threshold"": -0.03, ""breadth_effective_lag_days"": 1, ""breadth_normal_to_risk_min_days"": 1, ""breadth_panic_ratio"": 0.2, ""breadth_risk_recovery_days"": 1, ""breadth_risk_switch_hurdle_pct"": 0.08, ""name"": ""breadth_dropm0p03_ratio0p2_rec1_h0p08_min1""}",2,,,
breadth_dropm0p03_ratio0p2_rec1_h0p08_min2,candidate,,0.152012,0.359378,-0.107737,152,-0.178799,-0.074633,-0.160351,98,-0.033534,0.088164,-0.088886,154,0.044858,-0.117163,-0.151686,195,-0.029066,-0.056686,-0.141317,168,0.016739,0.012381,-0.164269,264,,,,,,,,-0.03,0.2,1,0.08,2,1,0,1,0,1,0,0,2,0,"{""breadth_drop_threshold"": -0.03, ""breadth_effective_lag_days"": 1, ""breadth_normal_to_risk_min_days"": 2, ""breadth_panic_ratio"": 0.2, ""breadth_risk_recovery_days"": 1, ""breadth_risk_switch_hurdle_pct"": 0.08, ""name"": ""breadth_dropm0p03_ratio0p2_rec1_h0p08_min2""}",3,,,
breadth_dropm0p03_ratio0p2_rec1_h0p1_min1,candidate,,0.153592,0.360957,-0.106705,147,-0.214367,-0.1102,-0.191617,94,-0.037862,0.083837,-0.094061,152,0.031627,-0.130394,-0.15917,187,-0.029066,-0.056686,-0.141317,168,0.015924,0.011565,-0.164304,263,,,,,,,,-0.03,0.2,1,0.1,1,1,4,13,6,8,0,5,1,0,"{""breadth_drop_threshold"": -0.03, ""breadth_effective_lag_days"": 1, ""breadth_normal_to_risk_min_days"": 1, ""breadth_panic_ratio"": 0.2, ""breadth_risk_recovery_days"": 1, ""breadth_risk_switch_hurdle_pct"": 0.1, ""name"": ""breadth_dropm0p03_ratio0p2_rec1_h0p1_min1""}",4,,,
breadth_dropm0p03_ratio0p2_rec1_h0p1_min2,candidate,,0.152012,0.359378,-0.107737,152,-0.178799,-0.074633,-0.160351,98,-0.033534,0.088164,-0.088886,154,0.044858,-0.117163,-0.151686,195,-0.029066,-0.056686,-0.141317,168,0.016739,0.012381,-0.164269,264,,,,,,,,-0.03,0.2,1,0.1,2,1,0,1,0,1,0,0,2,0,"{""breadth_drop_threshold"": -0.03, ""breadth_effective_lag_days"": 1, ""breadth_normal_to_risk_min_days"": 2, ""breadth_panic_ratio"": 0.2, ""breadth_risk_recovery_days"": 1, ""breadth_risk_switch_hurdle_pct"": 0.1, ""name"": ""breadth_dropm0p03_ratio0p2_rec1_h0p1_min2""}",5,,,
breadth_dropm0p03_ratio0p2_rec2_h0p05_min1,candidate,,0.153592,0.360957,-0.106705,147,-0.214009,-0.109842,-0.191355,93,-0.037862,0.083837,-0.094061,152,0.019699,-0.142322,-0.169797,191,-0.029066,-0.056686,-0.141317,168,0.015924,0.011565,-0.164304,263,,,,,,,,-0.03,0.2,2,0.05,1,1,4,13,6,8,0,5,0,0,"{""breadth_drop_threshold"": -0.03, ""breadth_effective_lag_days"": 1, ""breadth_normal_to_risk_min_days"": 1, ""breadth_panic_ratio"": 0.2, ""breadth_risk_recovery_days"": 2, ""breadth_risk_switch_hurdle_pct"": 0.05, ""name"": ""breadth_dropm0p03_ratio0p2_rec2_h0p05_min1""}",6,,,
breadth_dropm0p03_ratio0p2_rec2_h0p05_min2,candidate,,0.152012,0.359378,-0.107737,152,-0.178799,-0.074633,-0.160351,98,-0.033534,0.088164,-0.088886,154,0.044204,-0.117817,-0.154023,197,-0.029066,-0.056686,-0.141317,168,0.016739,0.012381,-0.164269,264,,,,,,,,-0.03,0.2,2,0.05,2,1,0,1,0,1,0,0,2,0,"{""breadth_drop_threshold"": -0.03, ""breadth_effective_lag_days"": 1, ""breadth_normal_to_risk_min_days"": 2, ""breadth_panic_ratio"": 0.2, ""breadth_risk_recovery_days"": 2, ""breadth_risk_switch_hurdle_pct"": 0.05, ""name"": ""breadth_dropm0p03_ratio0p2_rec2_h0p05_min2""}",7,,,
breadth_dropm0p03_ratio0p2_rec2_h0p08_min1,candidate,,0.15302,0.360386,-0.106677,147,-0.136525,-0.032358,-0.128088,76,-0.037862,0.083837,-0.094061,152,0.007049,-0.154972,-0.182062,192,-0.029066,-0.056686,-0.141317,168,0.014323,0.009965,-0.164304,263,,,,,,,,-0.03,0.2,2,0.08,1,1,4,13,6,8,0,5,1,0,"{""breadth_drop_threshold"": -0.03, ""breadth_effective_lag_days"": 1, ""breadth_normal_to_risk_min_days"": 1, ""breadth_panic_ratio"": 0.2, ""breadth_risk_recovery_days"": 2, ""breadth_risk_switch_hurdle_pct"": 0.08, ""name"": ""breadth_dropm0p03_ratio0p2_rec2_h0p08_min1""}",8,,,
breadth_dropm0p03_ratio0p2_rec2_h0p08_min2,candidate,,0.152012,0.359378,-0.107737,152,-0.178799,-0.074633,-0.160351,98,-0.033534,0.088164,-0.088886,154,0.044204,-0.117817,-0.154023,197,-0.029066,-0.056686,-0.141317,168,0.016739,0.012381,-0.164269,264,,,,,,,,-0.03,0.2,2,0.08,2,1,0,1,0,1,0,0,2,0,"{""breadth_drop_threshold"": -0.03, ""breadth_effective_lag_days"": 1, ""breadth_normal_to_risk_min_days"": 2, ""breadth_panic_ratio"": 0.2, ""breadth_risk_recovery_days"": 2, ""breadth_risk_switch_hurdle_pct"": 0.08, ""name"": ""breadth_dropm0p03_ratio0p2_rec2_h0p08_min2""}",9,,,
breadth_dropm0p03_ratio0p2_rec2_h0p1_min1,candidate,,0.15302,0.360386,-0.106677,147,-0.136525,-0.032358,-0.128088,76,-0.037862,0.083837,-0.094061,152,0.012619,-0.149403,-0.177548,183,-0.029066,-0.056686,-0.141317,168,0.014323,0.009965,-0.164304,263,,,,,,,,-0.03,0.2,2,0.1,1,1,4,13,6,8,0,5,1,0,"{""breadth_drop_threshold"": -0.03, ""breadth_effective_lag_days"": 1, ""breadth_normal_to_risk_min_days"": 1, ""breadth_panic_ratio"": 0.2, ""breadth_risk_recovery_days"": 2, ""breadth_risk_switch_hurdle_pct"": 0.1, ""name"": ""breadth_dropm0p03_ratio0p2_rec2_h0p1_min1""}",10,,,
breadth_dropm0p03_ratio0p2_rec2_h0p1_min2,candidate,,0.152012,0.359378,-0.107737,152,-0.178799,-0.074633,-0.160351,98,-0.033534,0.088164,-0.088886,154,0.044204,-0.117817,-0.154023,197,-0.029066,-0.056686,-0.141317,168,0.016739,0.012381,-0.164269,264,,,,,,,,-0.03,0.2,2,0.1,2,1,0,1,0,1,0,0,2,0,"{""breadth_drop_threshold"": -0.03, ""breadth_effective_lag_days"": 1, ""breadth_normal_to_risk_min_days"": 2, ""breadth_panic_ratio"": 0.2, ""breadth_risk_recovery_days"": 2, ""breadth_risk_switch_hurdle_pct"": 0.1, ""name"": ""breadth_dropm0p03_ratio0p2_rec2_h0p1_min2""}",11,,,
breadth_dropm0p03_ratio0p2_rec3_h0p05_min1,candidate,,0.149908,0.357274,-0.10751,146,-0.214127,-0.10996,-0.191332,93,-0.037862,0.083837,-0.094061,152,0.021622,-0.140399,-0.168172,173,-0.029066,-0.056686,-0.141317,168,0.025401,0.021042,-0.164783,261,,,,,,,,-0.03,0.2,3,0.05,1,1,4,13,6,8,0,5,0,0,"{""breadth_drop_threshold"": -0.03, ""breadth_effective_lag_days"": 1, ""breadth_normal_to_risk_min_days"": 1, ""breadth_panic_ratio"": 0.2, ""breadth_risk_recovery_days"": 3, ""breadth_risk_switch_hurdle_pct"": 0.05, ""name"": ""breadth_dropm0p03_ratio0p2_rec3_h0p05_min1""}",12,,,
breadth_dropm0p03_ratio0p2_rec3_h0p05_min2,candidate,,0.152012,0.359378,-0.107737,152,-0.178799,-0.074633,-0.160351,98,-0.033534,0.088164,-0.088886,154,0.044204,-0.117817,-0.154023,197,-0.029066,-0.056686,-0.141317,168,0.016739,0.012381,-0.164269,264,,,,,,,,-0.03,0.2,3,0.05,2,1,0,1,0,1,0,0,2,0,"{""breadth_drop_threshold"": -0.03, ""breadth_effective_lag_days"": 1, ""breadth_normal_to_risk_min_days"": 2, ""breadth_panic_ratio"": 0.2, ""breadth_risk_recovery_days"": 3, ""breadth_risk_switch_hurdle_pct"": 0.05, ""name"": ""breadth_dropm0p03_ratio0p2_rec3_h0p05_min2""}",13,,,
breadth_dropm0p03_ratio0p2_rec3_h0p08_min1,candidate,,0.150459,0.357825,-0.107623,146,-0.136525,-0.032358,-0.128088,76,-0.037862,0.083837,-0.094061,152,0.023088,-0.138933,-0.166743,174,-0.029066,-0.056686,-0.141317,168,0.014018,0.00966,-0.164783,263,,,,,,,,-0.03,0.2,3,0.08,1,1,4,13,6,8,0,5,1,0,"{""breadth_drop_threshold"": -0.03, ""breadth_effective_lag_days"": 1, ""breadth_normal_to_risk_min_days"": 1, ""breadth_panic_ratio"": 0.2, ""breadth_risk_recovery_days"": 3, ""breadth_risk_switch_hurdle_pct"": 0.08, ""name"": ""breadth_dropm0p03_ratio0p2_rec3_h0p08_min1""}",14,,,
breadth_dropm0p03_ratio0p2_rec3_h0p08_min2,candidate,,0.152012,0.359378,-0.107737,152,-0.178799,-0.074633,-0.160351,98,-0.033534,0.088164,-0.088886,154,0.045155,-0.116866,-0.153314,195,-0.029066,-0.056686,-0.141317,168,0.016739,0.012381,-0.164269,264,,,,,,,,-0.03,0.2,3,0.08,2,1,0,1,0,1,0,0,2,0,"{""breadth_drop_threshold"": -0.03, ""breadth_effective_lag_days"": 1, ""breadth_normal_to_risk_min_days"": 2, ""breadth_panic_ratio"": 0.2, ""breadth_risk_recovery_days"": 3, ""breadth_risk_switch_hurdle_pct"": 0.08, ""name"": ""breadth_dropm0p03_ratio0p2_rec3_h0p08_min2""}",15,,,
breadth_dropm0p03_ratio0p2_rec3_h0p1_min1,candidate,,0.150459,0.357825,-0.107623,146,-0.136525,-0.032358,-0.128088,76,-0.037862,0.083837,-0.094061,152,0.019834,-0.142187,-0.169444,155,-0.029066,-0.056686,-0.141317,168,0.015651,0.011293,-0.164294,263,,,,,,,,-0.03,0.2,3,0.1,1,1,4,13,6,8,0,5,1,0,"{""breadth_drop_threshold"": -0.03, ""breadth_effective_lag_days"": 1, ""breadth_normal_to_risk_min_days"": 1, ""breadth_panic_ratio"": 0.2, ""breadth_risk_recovery_days"": 3, ""breadth_risk_switch_hurdle_pct"": 0.1, ""name"": ""breadth_dropm0p03_ratio0p2_rec3_h0p1_min1""}",16,,,
breadth_dropm0p03_ratio0p2_rec3_h0p1_min2,candidate,,0.152012,0.359378,-0.107737,152,-0.178799,-0.074633,-0.160351,98,-0.033534,0.088164,-0.088886,154,0.045155,-0.116866,-0.153314,195,-0.029066,-0.056686,-0.141317,168,0.016739,0.012381,-0.164269,264,,,,,,,,-0.03,0.2,3,0.1,2,1,0,1,0,1,0,0,2,0,"{""breadth_drop_threshold"": -0.03, ""breadth_effective_lag_days"": 1, ""breadth_normal_to_risk_min_days"": 2, ""breadth_panic_ratio"": 0.2, ""breadth_risk_recovery_days"": 3, ""breadth_risk_switch_hurdle_pct"": 0.1, ""name"": ""breadth_dropm0p03_ratio0p2_rec3_h0p1_min2""}",17,,,
breadth_dropm0p03_ratio0p3_rec1_h0p05_min1,candidate,,0.152152,0.359518,-0.107661,149,-0.178799,-0.074633,-0.160351,98,-0.033523,0.088175,-0.088886,153,0.039038,-0.122983,-0.154771,206,-0.029066,-0.056686,-0.141317,168,0.016739,0.012381,-0.164269,264,,,,,,,,-0.03,0.3,1,0.05,1,1,1,5,1,4,0,2,2,0,"{""breadth_drop_threshold"": -0.03, ""breadth_effective_lag_days"": 1, ""breadth_normal_to_risk_min_days"": 1, ""breadth_panic_ratio"": 0.3, ""breadth_risk_recovery_days"": 1, ""breadth_risk_switch_hurdle_pct"": 0.05, ""name"": ""breadth_dropm0p03_ratio0p3_rec1_h0p05_min1""}",18,,,
breadth_dropm0p03_ratio0p3_rec1_h0p05_min2,candidate,,0.152012,0.359378,-0.107737,152,-0.178799,-0.074633,-0.160351,98,-0.033534,0.088164,-0.088886,154,0.044858,-0.117163,-0.151686,195,-0.029066,-0.056686,-0.141317,168,0.016739,0.012381,-0.164269,264,,,,,,,,-0.03,0.3,1,0.05,2,1,0,0,0,1,0,0,2,0,"{""breadth_drop_threshold"": -0.03, ""breadth_effective_lag_days"": 1, ""breadth_normal_to_risk_min_days"": 2, ""breadth_panic_ratio"": 0.3, ""breadth_risk_recovery_days"": 1, ""breadth_risk_switch_hurdle_pct"": 0.05, ""name"": ""breadth_dropm0p03_ratio0p3_rec1_h0p05_min2""}",19,,,
breadth_dropm0p03_ratio0p3_rec1_h0p08_min1,candidate,,0.152152,0.359518,-0.107661,149,-0.178799,-0.074633,-0.160351,98,-0.033523,0.088175,-0.088886,153,0.039038,-0.122983,-0.154771,206,-0.029066,-0.056686,-0.141317,168,0.016739,0.012381,-0.164269,264,,,,,,,,-0.03,0.3,1,0.08,1,1,1,5,1,4,0,2,2,0,"{""breadth_drop_threshold"": -0.03, ""breadth_effective_lag_days"": 1, ""breadth_normal_to_risk_min_days"": 1, ""breadth_panic_ratio"": 0.3, ""breadth_risk_recovery_days"": 1, ""breadth_risk_switch_hurdle_pct"": 0.08, ""name"": ""breadth_dropm0p03_ratio0p3_rec1_h0p08_min1""}",20,,,
breadth_dropm0p03_ratio0p3_rec1_h0p08_min2,candidate,,0.152012,0.359378,-0.107737,152,-0.178799,-0.074633,-0.160351,98,-0.033534,0.088164,-0.088886,154,0.044858,-0.117163,-0.151686,195,-0.029066,-0.056686,-0.141317,168,0.016739,0.012381,-0.164269,264,,,,,,,,-0.03,0.3,1,0.08,2,1,0,0,0,1,0,0,2,0,"{""breadth_drop_threshold"": -0.03, ""breadth_effective_lag_days"": 1, ""breadth_normal_to_risk_min_days"": 2, ""breadth_panic_ratio"": 0.3, ""breadth_risk_recovery_days"": 1, ""breadth_risk_switch_hurdle_pct"": 0.08, ""name"": ""breadth_dropm0p03_ratio0p3_rec1_h0p08_min2""}",21,,,
breadth_dropm0p03_ratio0p3_rec1_h0p1_min1,candidate,,0.152152,0.359518,-0.107661,149,-0.178799,-0.074633,-0.160351,98,-0.033523,0.088175,-0.088886,153,0.046488,-0.115533,-0.154575,190,-0.029066,-0.056686,-0.141317,168,0.016739,0.012381,-0.164269,264,,,,,,,,-0.03,0.3,1,0.1,1,1,1,5,1,4,0,2,2,0,"{""breadth_drop_threshold"": -0.03, ""breadth_effective_lag_days"": 1, ""breadth_normal_to_risk_min_days"": 1, ""breadth_panic_ratio"": 0.3, ""breadth_risk_recovery_days"": 1, ""breadth_risk_switch_hurdle_pct"": 0.1, ""name"": ""breadth_dropm0p03_ratio0p3_rec1_h0p1_min1""}",22,,,
breadth_dropm0p03_ratio0p3_rec1_h0p1_min2,candidate,,0.152012,0.359378,-0.107737,152,-0.178799,-0.074633,-0.160351,98,-0.033534,0.088164,-0.088886,154,0.044858,-0.117163,-0.151686,195,-0.029066,-0.056686,-0.141317,168,0.016739,0.012381,-0.164269,264,,,,,,,,-0.03,0.3,1,0.1,2,1,0,0,0,1,0,0,2,0,"{""breadth_drop_threshold"": -0.03, ""breadth_effective_lag_days"": 1, ""breadth_normal_to_risk_min_days"": 2, ""breadth_panic_ratio"": 0.3, ""breadth_risk_recovery_days"": 1, ""breadth_risk_switch_hurdle_pct"": 0.1, ""name"": ""breadth_dropm0p03_ratio0p3_rec1_h0p1_min2""}",23,,,
breadth_dropm0p03_ratio0p3_rec2_h0p05_min1,candidate,,0.152152,0.359518,-0.107661,149,-0.178799,-0.074633,-0.160351,98,-0.033523,0.088175,-0.088886,153,0.011184,-0.150837,-0.178031,191,-0.029066,-0.056686,-0.141317,168,0.016739,0.012381,-0.164269,264,,,,,,,,-0.03,0.3,2,0.05,1,1,1,5,1,4,0,2,1,0,"{""breadth_drop_threshold"": -0.03, ""breadth_effective_lag_days"": 1, ""breadth_normal_to_risk_min_days"": 1, ""breadth_panic_ratio"": 0.3, ""breadth_risk_recovery_days"": 2, ""breadth_risk_switch_hurdle_pct"": 0.05, ""name"": ""breadth_dropm0p03_ratio0p3_rec2_h0p05_min1""}",24,,,
breadth_dropm0p03_ratio0p3_rec2_h0p05_min2,candidate,,0.152012,0.359378,-0.107737,152,-0.178799,-0.074633,-0.160351,98,-0.033534,0.088164,-0.088886,154,0.044204,-0.117817,-0.154023,197,-0.029066,-0.056686,-0.141317,168,0.016739,0.012381,-0.164269,264,,,,,,,,-0.03,0.3,2,0.05,2,1,0,0,0,1,0,0,2,0,"{""breadth_drop_threshold"": -0.03, ""breadth_effective_lag_days"": 1, ""breadth_normal_to_risk_min_days"": 2, ""breadth_panic_ratio"": 0.3, ""breadth_risk_recovery_days"": 2, ""breadth_risk_switch_hurdle_pct"": 0.05, ""name"": ""breadth_dropm0p03_ratio0p3_rec2_h0p05_min2""}",25,,,
breadth_dropm0p03_ratio0p3_rec2_h0p08_min1,candidate,,0.152152,0.359518,-0.107661,149,-0.178799,-0.074633,-0.160351,98,-0.033523,0.088175,-0.088886,153,0.00575,-0.156271,-0.18332,202,-0.029066,-0.056686,-0.141317,168,0.01482,0.010462,-0.164269,264,,,,,,,,-0.03,0.3,2,0.08,1,1,1,5,1,4,0,2,1,0,"{""breadth_drop_threshold"": -0.03, ""breadth_effective_lag_days"": 1, ""breadth_normal_to_risk_min_days"": 1, ""breadth_panic_ratio"": 0.3, ""breadth_risk_recovery_days"": 2, ""breadth_risk_switch_hurdle_pct"": 0.08, ""name"": ""breadth_dropm0p03_ratio0p3_rec2_h0p08_min1""}",26,,,
breadth_dropm0p03_ratio0p3_rec2_h0p08_min2,candidate,,0.152012,0.359378,-0.107737,152,-0.178799,-0.074633,-0.160351,98,-0.033534,0.088164,-0.088886,154,0.044204,-0.117817,-0.154023,197,-0.029066,-0.056686,-0.141317,168,0.016739,0.012381,-0.164269,264,,,,,,,,-0.03,0.3,2,0.08,2,1,0,0,0,1,0,0,2,0,"{""breadth_drop_threshold"": -0.03, ""breadth_effective_lag_days"": 1, ""breadth_normal_to_risk_min_days"": 2, ""breadth_panic_ratio"": 0.3, ""breadth_risk_recovery_days"": 2, ""breadth_risk_switch_hurdle_pct"": 0.08, ""name"": ""breadth_dropm0p03_ratio0p3_rec2_h0p08_min2""}",27,,,
breadth_dropm0p03_ratio0p3_rec2_h0p1_min1,candidate,,0.152152,0.359518,-0.107661,149,-0.178799,-0.074633,-0.160351,98,-0.033523,0.088175,-0.088886,153,0.035739,-0.126282,-0.162499,187,-0.029066,-0.056686,-0.141317,168,0.01482,0.010462,-0.164269,264,,,,,,,,-0.03,0.3,2,0.1,1,1,1,5,1,4,0,2,2,0,"{""breadth_drop_threshold"": -0.03, ""breadth_effective_lag_days"": 1, ""breadth_normal_to_risk_min_days"": 1, ""breadth_panic_ratio"": 0.3, ""breadth_risk_recovery_days"": 2, ""breadth_risk_switch_hurdle_pct"": 0.1, ""name"": ""breadth_dropm0p03_ratio0p3_rec2_h0p1_min1""}",28,,,
breadth_dropm0p03_ratio0p3_rec2_h0p1_min2,candidate,,0.152012,0.359378,-0.107737,152,-0.178799,-0.074633,-0.160351,98,-0.033534,0.088164,-0.088886,154,0.044204,-0.117817,-0.154023,197,-0.029066,-0.056686,-0.141317,168,0.016739,0.012381,-0.164269,264,,,,,,,,-0.03,0.3,2,0.1,2,1,0,0,0,1,0,0,2,0,"{""breadth_drop_threshold"": -0.03, ""breadth_effective_lag_days"": 1, ""breadth_normal_to_risk_min_days"": 2, ""breadth_panic_ratio"": 0.3, ""breadth_risk_recovery_days"": 2, ""breadth_risk_switch_hurdle_pct"": 0.1, ""name"": ""breadth_dropm0p03_ratio0p3_rec2_h0p1_min2""}",29,,,
breadth_dropm0p03_ratio0p3_rec3_h0p05_min1,candidate,,0.152152,0.359518,-0.107661,149,-0.178799,-0.074633,-0.160351,98,-0.033523,0.088175,-0.088886,153,0.036515,-0.125506,-0.161811,179,-0.029066,-0.056686,-0.141317,168,0.025745,0.021387,-0.164381,262,,,,,,,,-0.03,0.3,3,0.05,1,1,1,5,1,4,0,2,2,0,"{""breadth_drop_threshold"": -0.03, ""breadth_effective_lag_days"": 1, ""breadth_normal_to_risk_min_days"": 1, ""breadth_panic_ratio"": 0.3, ""breadth_risk_recovery_days"": 3, ""breadth_risk_switch_hurdle_pct"": 0.05, ""name"": ""breadth_dropm0p03_ratio0p3_rec3_h0p05_min1""}",30,,,
breadth_dropm0p03_ratio0p3_rec3_h0p05_min2,candidate,,0.152012,0.359378,-0.107737,152,-0.178799,-0.074633,-0.160351,98,-0.033534,0.088164,-0.088886,154,0.044204,-0.117817,-0.154023,197,-0.029066,-0.056686,-0.141317,168,0.016739,0.012381,-0.164269,264,,,,,,,,-0.03,0.3,3,0.05,2,1,0,0,0,1,0,0,2,0,"{""breadth_drop_threshold"": -0.03, ""breadth_effective_lag_days"": 1, ""breadth_normal_to_risk_min_days"": 2, ""breadth_panic_ratio"": 0.3, ""breadth_risk_recovery_days"": 3, ""breadth_risk_switch_hurdle_pct"": 0.05, ""name"": ""breadth_dropm0p03_ratio0p3_rec3_h0p05_min2""}",31,,,
breadth_dropm0p03_ratio0p3_rec3_h0p08_min1,candidate,,0.152152,0.359518,-0.107661,149,-0.178799,-0.074633,-0.160351,98,-0.033523,0.088175,-0.088886,153,0.036721,-0.1253,-0.161585,180,-0.029066,-0.056686,-0.141317,168,0.014434,0.010076,-0.164381,264,,,,,,,,-0.03,0.3,3,0.08,1,1,1,5,1,4,0,2,2,0,"{""breadth_drop_threshold"": -0.03, ""breadth_effective_lag_days"": 1, ""breadth_normal_to_risk_min_days"": 1, ""breadth_panic_ratio"": 0.3, ""breadth_risk_recovery_days"": 3, ""breadth_risk_switch_hurdle_pct"": 0.08, ""name"": ""breadth_dropm0p03_ratio0p3_rec3_h0p08_min1""}",32,,,
breadth_dropm0p03_ratio0p3_rec3_h0p08_min2,candidate,,0.152012,0.359378,-0.107737,152,-0.178799,-0.074633,-0.160351,98,-0.033534,0.088164,-0.088886,154,0.045155,-0.116866,-0.153314,195,-0.029066,-0.056686,-0.141317,168,0.016739,0.012381,-0.164269,264,,,,,,,,-0.03,0.3,3,0.08,2,1,0,0,0,1,0,0,2,0,"{""breadth_drop_threshold"": -0.03, ""breadth_effective_lag_days"": 1, ""breadth_normal_to_risk_min_days"": 2, ""breadth_panic_ratio"": 0.3, ""breadth_risk_recovery_days"": 3, ""breadth_risk_switch_hurdle_pct"": 0.08, ""name"": ""breadth_dropm0p03_ratio0p3_rec3_h0p08_min2""}",33,,,
breadth_dropm0p03_ratio0p3_rec3_h0p1_min1,candidate,,0.152152,0.359518,-0.107661,149,-0.178799,-0.074633,-0.160351,98,-0.033523,0.088175,-0.088886,153,0.028896,-0.133125,-0.164061,174,-0.029066,-0.056686,-0.141317,168,0.014434,0.010076,-0.164381,264,,,,,,,,-0.03,0.3,3,0.1,1,1,1,5,1,4,0,2,2,0,"{""breadth_drop_threshold"": -0.03, ""breadth_effective_lag_days"": 1, ""breadth_normal_to_risk_min_days"": 1, ""breadth_panic_ratio"": 0.3, ""breadth_risk_recovery_days"": 3, ""breadth_risk_switch_hurdle_pct"": 0.1, ""name"": ""breadth_dropm0p03_ratio0p3_rec3_h0p1_min1""}",34,,,
breadth_dropm0p03_ratio0p3_rec3_h0p1_min2,candidate,,0.152012,0.359378,-0.107737,152,-0.178799,-0.074633,-0.160351,98,-0.033534,0.088164,-0.088886,154,0.045155,-0.116866,-0.153314,195,-0.029066,-0.056686,-0.141317,168,0.016739,0.012381,-0.164269,264,,,,,,,,-0.03,0.3,3,0.1,2,1,0,0,0,1,0,0,2,0,"{""breadth_drop_threshold"": -0.03, ""breadth_effective_lag_days"": 1, ""breadth_normal_to_risk_min_days"": 2, ""breadth_panic_ratio"": 0.3, ""breadth_risk_recovery_days"": 3, ""breadth_risk_switch_hurdle_pct"": 0.1, ""name"": ""breadth_dropm0p03_ratio0p3_rec3_h0p1_min2""}",35,,,
breadth_dropm0p03_ratio0p4_rec1_h0p05_min1,candidate,,0.152152,0.359518,-0.107661,149,-0.178799,-0.074633,-0.160351,98,-0.033534,0.088164,-0.088886,154,0.027554,-0.134467,-0.162164,209,-0.029066,-0.056686,-0.141317,168,0.016739,0.012381,-0.164269,264,,,,,,,,-0.03,0.4,1,0.05,1,1,1,3,0,2,0,1,1,0,"{""breadth_drop_threshold"": -0.03, ""breadth_effective_lag_days"": 1, ""breadth_normal_to_risk_min_days"": 1, ""breadth_panic_ratio"": 0.4, ""breadth_risk_recovery_days"": 1, ""breadth_risk_switch_hurdle_pct"": 0.05, ""name"": ""breadth_dropm0p03_ratio0p4_rec1_h0p05_min1""}",36,,,
breadth_dropm0p03_ratio0p4_rec1_h0p05_min2,candidate,,0.152012,0.359378,-0.107737,152,-0.178799,-0.074633,-0.160351,98,-0.033534,0.088164,-0.088886,154,0.033224,-0.128797,-0.156751,202,-0.029066,-0.056686,-0.141317,168,0.016739,0.012381,-0.164269,264,,,,,,,,-0.03,0.4,1,0.05,2,1,0,0,0,0,0,0,2,0,"{""breadth_drop_threshold"": -0.03, ""breadth_effective_lag_days"": 1, ""breadth_normal_to_risk_min_days"": 2, ""breadth_panic_ratio"": 0.4, ""breadth_risk_recovery_days"": 1, ""breadth_risk_switch_hurdle_pct"": 0.05, ""name"": ""breadth_dropm0p03_ratio0p4_rec1_h0p05_min2""}",37,,,
breadth_dropm0p03_ratio0p4_rec1_h0p08_min1,candidate,,0.152152,0.359518,-0.107661,149,-0.178799,-0.074633,-0.160351,98,-0.033534,0.088164,-0.088886,154,0.027554,-0.134467,-0.162164,209,-0.029066,-0.056686,-0.141317,168,0.016739,0.012381,-0.164269,264,,,,,,,,-0.03,0.4,1,0.08,1,1,1,3,0,2,0,1,1,0,"{""breadth_drop_threshold"": -0.03, ""breadth_effective_lag_days"": 1, ""breadth_normal_to_risk_min_days"": 1, ""breadth_panic_ratio"": 0.4, ""breadth_risk_recovery_days"": 1, ""breadth_risk_switch_hurdle_pct"": 0.08, ""name"": ""breadth_dropm0p03_ratio0p4_rec1_h0p08_min1""}",38,,,
breadth_dropm0p03_ratio0p4_rec1_h0p08_min2,candidate,,0.152012,0.359378,-0.107737,152,-0.178799,-0.074633,-0.160351,98,-0.033534,0.088164,-0.088886,154,0.033224,-0.128797,-0.156751,202,-0.029066,-0.056686,-0.141317,168,0.016739,0.012381,-0.164269,264,,,,,,,,-0.03,0.4,1,0.08,2,1,0,0,0,0,0,0,2,0,"{""breadth_drop_threshold"": -0.03, ""breadth_effective_lag_days"": 1, ""breadth_normal_to_risk_min_days"": 2, ""breadth_panic_ratio"": 0.4, ""breadth_risk_recovery_days"": 1, ""breadth_risk_switch_hurdle_pct"": 0.08, ""name"": ""breadth_dropm0p03_ratio0p4_rec1_h0p08_min2""}",39,,,
breadth_dropm0p03_ratio0p4_rec1_h0p1_min1,candidate,,0.152152,0.359518,-0.107661,149,-0.178799,-0.074633,-0.160351,98,-0.033534,0.088164,-0.088886,154,0.027554,-0.134467,-0.162164,209,-0.029066,-0.056686,-0.141317,168,0.016739,0.012381,-0.164269,264,,,,,,,,-0.03,0.4,1,0.1,1,1,1,3,0,2,0,1,1,0,"{""breadth_drop_threshold"": -0.03, ""breadth_effective_lag_days"": 1, ""breadth_normal_to_risk_min_days"": 1, ""breadth_panic_ratio"": 0.4, ""breadth_risk_recovery_days"": 1, ""breadth_risk_switch_hurdle_pct"": 0.1, ""name"": ""breadth_dropm0p03_ratio0p4_rec1_h0p1_min1""}",40,,,
breadth_dropm0p03_ratio0p4_rec1_h0p1_min2,candidate,,0.152012,0.359378,-0.107737,152,-0.178799,-0.074633,-0.160351,98,-0.033534,0.088164,-0.088886,154,0.033224,-0.128797,-0.156751,202,-0.029066,-0.056686,-0.141317,168,0.016739,0.012381,-0.164269,264,,,,,,,,-0.03,0.4,1,0.1,2,1,0,0,0,0,0,0,2,0,"{""breadth_drop_threshold"": -0.03, ""breadth_effective_lag_days"": 1, ""breadth_normal_to_risk_min_days"": 2, ""breadth_panic_ratio"": 0.4, ""breadth_risk_recovery_days"": 1, ""breadth_risk_switch_hurdle_pct"": 0.1, ""name"": ""breadth_dropm0p03_ratio0p4_rec1_h0p1_min2""}",41,,,
breadth_dropm0p03_ratio0p4_rec2_h0p05_min1,candidate,,0.152152,0.359518,-0.107661,149,-0.178799,-0.074633,-0.160351,98,-0.033534,0.088164,-0.088886,154,0.026237,-0.135784,-0.164031,191,-0.029066,-0.056686,-0.141317,168,0.016739,0.012381,-0.164269,264,,,,,,,,-0.03,0.4,2,0.05,1,1,1,3,0,2,0,1,1,0,"{""breadth_drop_threshold"": -0.03, ""breadth_effective_lag_days"": 1, ""breadth_normal_to_risk_min_days"": 1, ""breadth_panic_ratio"": 0.4, ""breadth_risk_recovery_days"": 2, ""breadth_risk_switch_hurdle_pct"": 0.05, ""name"": ""breadth_dropm0p03_ratio0p4_rec2_h0p05_min1""}",42,,,
breadth_dropm0p03_ratio0p4_rec2_h0p05_min2,candidate,,0.152012,0.359378,-0.107737,152,-0.178799,-0.074633,-0.160351,98,-0.033534,0.088164,-0.088886,154,0.033224,-0.128797,-0.156751,202,-0.029066,-0.056686,-0.141317,168,0.016739,0.012381,-0.164269,264,,,,,,,,-0.03,0.4,2,0.05,2,1,0,0,0,0,0,0,2,0,"{""breadth_drop_threshold"": -0.03, ""breadth_effective_lag_days"": 1, ""breadth_normal_to_risk_min_days"": 2, ""breadth_panic_ratio"": 0.4, ""breadth_risk_recovery_days"": 2, ""breadth_risk_switch_hurdle_pct"": 0.05, ""name"": ""breadth_dropm0p03_ratio0p4_rec2_h0p05_min2""}",43,,,
breadth_dropm0p03_ratio0p4_rec2_h0p08_min1,candidate,,0.152152,0.359518,-0.107661,149,-0.178799,-0.074633,-0.160351,98,-0.033534,0.088164,-0.088886,154,0.026237,-0.135784,-0.164031,191,-0.029066,-0.056686,-0.141317,168,0.01482,0.010462,-0.164269,264,,,,,,,,-0.03,0.4,2,0.08,1,1,1,3,0,2,0,1,1,0,"{""breadth_drop_threshold"": -0.03, ""breadth_effective_lag_days"": 1, ""breadth_normal_to_risk_min_days"": 1, ""breadth_panic_ratio"": 0.4, ""breadth_risk_recovery_days"": 2, ""breadth_risk_switch_hurdle_pct"": 0.08, ""name"": ""breadth_dropm0p03_ratio0p4_rec2_h0p08_min1""}",44,,,
breadth_dropm0p03_ratio0p4_rec2_h0p08_min2,candidate,,0.152012,0.359378,-0.107737,152,-0.178799,-0.074633,-0.160351,98,-0.033534,0.088164,-0.088886,154,0.033224,-0.128797,-0.156751,202,-0.029066,-0.056686,-0.141317,168,0.016739,0.012381,-0.164269,264,,,,,,,,-0.03,0.4,2,0.08,2,1,0,0,0,0,0,0,2,0,"{""breadth_drop_threshold"": -0.03, ""breadth_effective_lag_days"": 1, ""breadth_normal_to_risk_min_days"": 2, ""breadth_panic_ratio"": 0.4, ""breadth_risk_recovery_days"": 2, ""breadth_risk_switch_hurdle_pct"": 0.08, ""name"": ""breadth_dropm0p03_ratio0p4_rec2_h0p08_min2""}",45,,,
breadth_dropm0p03_ratio0p4_rec2_h0p1_min1,candidate,,0.152152,0.359518,-0.107661,149,-0.178799,-0.074633,-0.160351,98,-0.033534,0.088164,-0.088886,154,0.026237,-0.135784,-0.164031,191,-0.029066,-0.056686,-0.141317,168,0.01482,0.010462,-0.164269,264,,,,,,,,-0.03,0.4,2,0.1,1,1,1,3,0,2,0,1,1,0,"{""breadth_drop_threshold"": -0.03, ""breadth_effective_lag_days"": 1, ""breadth_normal_to_risk_min_days"": 1, ""breadth_panic_ratio"": 0.4, ""breadth_risk_recovery_days"": 2, ""breadth_risk_switch_hurdle_pct"": 0.1, ""name"": ""breadth_dropm0p03_ratio0p4_rec2_h0p1_min1""}",46,,,
breadth_dropm0p03_ratio0p4_rec2_h0p1_min2,candidate,,0.152012,0.359378,-0.107737,152,-0.178799,-0.074633,-0.160351,98,-0.033534,0.088164,-0.088886,154,0.033224,-0.128797,-0.156751,202,-0.029066,-0.056686,-0.141317,168,0.016739,0.012381,-0.164269,264,,,,,,,,-0.03,0.4,2,0.1,2,1,0,0,0,0,0,0,2,0,"{""breadth_drop_threshold"": -0.03, ""breadth_effective_lag_days"": 1, ""breadth_normal_to_risk_min_days"": 2, ""breadth_panic_ratio"": 0.4, ""breadth_risk_recovery_days"": 2, ""breadth_risk_switch_hurdle_pct"": 0.1, ""name"": ""breadth_dropm0p03_ratio0p4_rec2_h0p1_min2""}",47,,,
breadth_dropm0p03_ratio0p4_rec3_h0p05_min1,candidate,,0.152152,0.359518,-0.107661,149,-0.178799,-0.074633,-0.160351,98,-0.033534,0.088164,-0.088886,154,0.020099,-0.141922,-0.169441,183,-0.029066,-0.056686,-0.141317,168,0.026799,0.02244,-0.164269,262,,,,,,,,-0.03,0.4,3,0.05,1,1,1,3,0,2,0,1,1,0,"{""breadth_drop_threshold"": -0.03, ""breadth_effective_lag_days"": 1, ""breadth_normal_to_risk_min_days"": 1, ""breadth_panic_ratio"": 0.4, ""breadth_risk_recovery_days"": 3, ""breadth_risk_switch_hurdle_pct"": 0.05, ""name"": ""breadth_dropm0p03_ratio0p4_rec3_h0p05_min1""}",48,,,
breadth_dropm0p03_ratio0p4_rec3_h0p05_min2,candidate,,0.152012,0.359378,-0.107737,152,-0.178799,-0.074633,-0.160351,98,-0.033534,0.088164,-0.088886,154,0.033224,-0.128797,-0.156751,202,-0.029066,-0.056686,-0.141317,168,0.016739,0.012381,-0.164269,264,,,,,,,,-0.03,0.4,3,0.05,2,1,0,0,0,0,0,0,2,0,"{""breadth_drop_threshold"": -0.03, ""breadth_effective_lag_days"": 1, ""breadth_normal_to_risk_min_days"": 2, ""breadth_panic_ratio"": 0.4, ""breadth_risk_recovery_days"": 3, ""breadth_risk_switch_hurdle_pct"": 0.05, ""name"": ""breadth_dropm0p03_ratio0p4_rec3_h0p05_min2""}",49,,,
breadth_dropm0p03_ratio0p4_rec3_h0p08_min1,candidate,,0.152152,0.359518,-0.107661,149,-0.178799,-0.074633,-0.160351,98,-0.033534,0.088164,-0.088886,154,0.020099,-0.141922,-0.169441,183,-0.029066,-0.056686,-0.141317,168,0.015109,0.01075,-0.164269,264,,,,,,,,-0.03,0.4,3,0.08,1,1,1,3,0,2,0,1,1,0,"{""breadth_drop_threshold"": -0.03, ""breadth_effective_lag_days"": 1, ""breadth_normal_to_risk_min_days"": 1, ""breadth_panic_ratio"": 0.4, ""breadth_risk_recovery_days"": 3, ""breadth_risk_switch_hurdle_pct"": 0.08, ""name"": ""breadth_dropm0p03_ratio0p4_rec3_h0p08_min1""}",50,,,
breadth_dropm0p03_ratio0p4_rec3_h0p08_min2,candidate,,0.152012,0.359378,-0.107737,152,-0.178799,-0.074633,-0.160351,98,-0.033534,0.088164,-0.088886,154,0.033224,-0.128797,-0.156751,202,-0.029066,-0.056686,-0.141317,168,0.016739,0.012381,-0.164269,264,,,,,,,,-0.03,0.4,3,0.08,2,1,0,0,0,0,0,0,2,0,"{""breadth_drop_threshold"": -0.03, ""breadth_effective_lag_days"": 1, ""breadth_normal_to_risk_min_days"": 2, ""breadth_panic_ratio"": 0.4, ""breadth_risk_recovery_days"": 3, ""breadth_risk_switch_hurdle_pct"": 0.08, ""name"": ""breadth_dropm0p03_ratio0p4_rec3_h0p08_min2""}",51,,,
breadth_dropm0p03_ratio0p4_rec3_h0p1_min1,candidate,,0.152152,0.359518,-0.107661,149,-0.178799,-0.074633,-0.160351,98,-0.033534,0.088164,-0.088886,154,0.020099,-0.141922,-0.169441,183,-0.029066,-0.056686,-0.141317,168,0.015109,0.01075,-0.164269,264,,,,,,,,-0.03,0.4,3,0.1,1,1,1,3,0,2,0,1,1,0,"{""breadth_drop_threshold"": -0.03, ""breadth_effective_lag_days"": 1, ""breadth_normal_to_risk_min_days"": 1, ""breadth_panic_ratio"": 0.4, ""breadth_risk_recovery_days"": 3, ""breadth_risk_switch_hurdle_pct"": 0.1, ""name"": ""breadth_dropm0p03_ratio0p4_rec3_h0p1_min1""}",52,,,
breadth_dropm0p03_ratio0p4_rec3_h0p1_min2,candidate,,0.152012,0.359378,-0.107737,152,-0.178799,-0.074633,-0.160351,98,-0.033534,0.088164,-0.088886,154,0.033224,-0.128797,-0.156751,202,-0.029066,-0.056686,-0.141317,168,0.016739,0.012381,-0.164269,264,,,,,,,,-0.03,0.4,3,0.1,2,1,0,0,0,0,0,0,2,0,"{""breadth_drop_threshold"": -0.03, ""breadth_effective_lag_days"": 1, ""breadth_normal_to_risk_min_days"": 2, ""breadth_panic_ratio"": 0.4, ""breadth_risk_recovery_days"": 3, ""breadth_risk_switch_hurdle_pct"": 0.1, ""name"": ""breadth_dropm0p03_ratio0p4_rec3_h0p1_min2""}",53,,,
breadth_dropm0p05_ratio0p2_rec1_h0p05_min1,candidate,,0.152012,0.359378,-0.107737,152,-0.178799,-0.074633,-0.160351,98,-0.033534,0.088164,-0.088886,154,0.033224,-0.128797,-0.156751,202,-0.029066,-0.056686,-0.141317,168,0.016739,0.012381,-0.164269,264,,,,,,,,-0.05,0.2,1,0.05,1,1,0,3,0,0,0,1,2,0,"{""breadth_drop_threshold"": -0.05, ""breadth_effective_lag_days"": 1, ""breadth_normal_to_risk_min_days"": 1, ""breadth_panic_ratio"": 0.2, ""breadth_risk_recovery_days"": 1, ""breadth_risk_switch_hurdle_pct"": 0.05, ""name"": ""breadth_dropm0p05_ratio0p2_rec1_h0p05_min1""}",54,,,
breadth_dropm0p05_ratio0p2_rec1_h0p05_min2,candidate,,0.152012,0.359378,-0.107737,152,-0.178799,-0.074633,-0.160351,98,-0.033534,0.088164,-0.088886,154,0.033224,-0.128797,-0.156751,202,-0.029066,-0.056686,-0.141317,168,0.016739,0.012381,-0.164269,264,,,,,,,,-0.05,0.2,1,0.05,2,1,0,0,0,0,0,0,2,0,"{""breadth_drop_threshold"": -0.05, ""breadth_effective_lag_days"": 1, ""breadth_normal_to_risk_min_days"": 2, ""breadth_panic_ratio"": 0.2, ""breadth_risk_recovery_days"": 1, ""breadth_risk_switch_hurdle_pct"": 0.05, ""name"": ""breadth_dropm0p05_ratio0p2_rec1_h0p05_min2""}",55,,,
breadth_dropm0p05_ratio0p2_rec1_h0p08_min1,candidate,,0.152012,0.359378,-0.107737,152,-0.178799,-0.074633,-0.160351,98,-0.033534,0.088164,-0.088886,154,0.033224,-0.128797,-0.156751,202,-0.029066,-0.056686,-0.141317,168,0.016739,0.012381,-0.164269,264,,,,,,,,-0.05,0.2,1,0.08,1,1,0,3,0,0,0,1,2,0,"{""breadth_drop_threshold"": -0.05, ""breadth_effective_lag_days"": 1, ""breadth_normal_to_risk_min_days"": 1, ""breadth_panic_ratio"": 0.2, ""breadth_risk_recovery_days"": 1, ""breadth_risk_switch_hurdle_pct"": 0.08, ""name"": ""breadth_dropm0p05_ratio0p2_rec1_h0p08_min1""}",56,,,
breadth_dropm0p05_ratio0p2_rec1_h0p08_min2,candidate,,0.152012,0.359378,-0.107737,152,-0.178799,-0.074633,-0.160351,98,-0.033534,0.088164,-0.088886,154,0.033224,-0.128797,-0.156751,202,-0.029066,-0.056686,-0.141317,168,0.016739,0.012381,-0.164269,264,,,,,,,,-0.05,0.2,1,0.08,2,1,0,0,0,0,0,0,2,0,"{""breadth_drop_threshold"": -0.05, ""breadth_effective_lag_days"": 1, ""breadth_normal_to_risk_min_days"": 2, ""breadth_panic_ratio"": 0.2, ""breadth_risk_recovery_days"": 1, ""breadth_risk_switch_hurdle_pct"": 0.08, ""name"": ""breadth_dropm0p05_ratio0p2_rec1_h0p08_min2""}",57,,,
breadth_dropm0p05_ratio0p2_rec1_h0p1_min1,candidate,,0.152012,0.359378,-0.107737,152,-0.178799,-0.074633,-0.160351,98,-0.033534,0.088164,-0.088886,154,0.033224,-0.128797,-0.156751,202,-0.029066,-0.056686,-0.141317,168,0.016739,0.012381,-0.164269,264,,,,,,,,-0.05,0.2,1,0.1,1,1,0,3,0,0,0,1,2,0,"{""breadth_drop_threshold"": -0.05, ""breadth_effective_lag_days"": 1, ""breadth_normal_to_risk_min_days"": 1, ""breadth_panic_ratio"": 0.2, ""breadth_risk_recovery_days"": 1, ""breadth_risk_switch_hurdle_pct"": 0.1, ""name"": ""breadth_dropm0p05_ratio0p2_rec1_h0p1_min1""}",58,,,
breadth_dropm0p05_ratio0p2_rec1_h0p1_min2,candidate,,0.152012,0.359378,-0.107737,152,-0.178799,-0.074633,-0.160351,98,-0.033534,0.088164,-0.088886,154,0.033224,-0.128797,-0.156751,202,-0.029066,-0.056686,-0.141317,168,0.016739,0.012381,-0.164269,264,,,,,,,,-0.05,0.2,1,0.1,2,1,0,0,0,0,0,0,2,0,"{""breadth_drop_threshold"": -0.05, ""breadth_effective_lag_days"": 1, ""breadth_normal_to_risk_min_days"": 2, ""breadth_panic_ratio"": 0.2, ""breadth_risk_recovery_days"": 1, ""breadth_risk_switch_hurdle_pct"": 0.1, ""name"": ""breadth_dropm0p05_ratio0p2_rec1_h0p1_min2""}",59,,,
breadth_dropm0p05_ratio0p2_rec2_h0p05_min1,candidate,,0.152012,0.359378,-0.107737,152,-0.178799,-0.074633,-0.160351,98,-0.033534,0.088164,-0.088886,154,0.033224,-0.128797,-0.156751,202,-0.029066,-0.056686,-0.141317,168,0.016739,0.012381,-0.164269,264,,,,,,,,-0.05,0.2,2,0.05,1,1,0,3,0,0,0,1,2,0,"{""breadth_drop_threshold"": -0.05, ""breadth_effective_lag_days"": 1, ""breadth_normal_to_risk_min_days"": 1, ""breadth_panic_ratio"": 0.2, ""breadth_risk_recovery_days"": 2, ""breadth_risk_switch_hurdle_pct"": 0.05, ""name"": ""breadth_dropm0p05_ratio0p2_rec2_h0p05_min1""}",60,,,
breadth_dropm0p05_ratio0p2_rec2_h0p05_min2,candidate,,0.152012,0.359378,-0.107737,152,-0.178799,-0.074633,-0.160351,98,-0.033534,0.088164,-0.088886,154,0.033224,-0.128797,-0.156751,202,-0.029066,-0.056686,-0.141317,168,0.016739,0.012381,-0.164269,264,,,,,,,,-0.05,0.2,2,0.05,2,1,0,0,0,0,0,0,2,0,"{""breadth_drop_threshold"": -0.05, ""breadth_effective_lag_days"": 1, ""breadth_normal_to_risk_min_days"": 2, ""breadth_panic_ratio"": 0.2, ""breadth_risk_recovery_days"": 2, ""breadth_risk_switch_hurdle_pct"": 0.05, ""name"": ""breadth_dropm0p05_ratio0p2_rec2_h0p05_min2""}",61,,,
breadth_dropm0p05_ratio0p2_rec2_h0p08_min1,candidate,,0.152012,0.359378,-0.107737,152,-0.178799,-0.074633,-0.160351,98,-0.033534,0.088164,-0.088886,154,0.033224,-0.128797,-0.156751,202,-0.029066,-0.056686,-0.141317,168,0.01482,0.010462,-0.164269,264,,,,,,,,-0.05,0.2,2,0.08,1,1,0,3,0,0,0,1,2,0,"{""breadth_drop_threshold"": -0.05, ""breadth_effective_lag_days"": 1, ""breadth_normal_to_risk_min_days"": 1, ""breadth_panic_ratio"": 0.2, ""breadth_risk_recovery_days"": 2, ""breadth_risk_switch_hurdle_pct"": 0.08, ""name"": ""breadth_dropm0p05_ratio0p2_rec2_h0p08_min1""}",62,,,
breadth_dropm0p05_ratio0p2_rec2_h0p08_min2,candidate,,0.152012,0.359378,-0.107737,152,-0.178799,-0.074633,-0.160351,98,-0.033534,0.088164,-0.088886,154,0.033224,-0.128797,-0.156751,202,-0.029066,-0.056686,-0.141317,168,0.016739,0.012381,-0.164269,264,,,,,,,,-0.05,0.2,2,0.08,2,1,0,0,0,0,0,0,2,0,"{""breadth_drop_threshold"": -0.05, ""breadth_effective_lag_days"": 1, ""breadth_normal_to_risk_min_days"": 2, ""breadth_panic_ratio"": 0.2, ""breadth_risk_recovery_days"": 2, ""breadth_risk_switch_hurdle_pct"": 0.08, ""name"": ""breadth_dropm0p05_ratio0p2_rec2_h0p08_min2""}",63,,,
breadth_dropm0p05_ratio0p2_rec2_h0p1_min1,candidate,,0.152012,0.359378,-0.107737,152,-0.178799,-0.074633,-0.160351,98,-0.033534,0.088164,-0.088886,154,0.033224,-0.128797,-0.156751,202,-0.029066,-0.056686,-0.141317,168,0.01482,0.010462,-0.164269,264,,,,,,,,-0.05,0.2,2,0.1,1,1,0,3,0,0,0,1,2,0,"{""breadth_drop_threshold"": -0.05, ""breadth_effective_lag_days"": 1, ""breadth_normal_to_risk_min_days"": 1, ""breadth_panic_ratio"": 0.2, ""breadth_risk_recovery_days"": 2, ""breadth_risk_switch_hurdle_pct"": 0.1, ""name"": ""breadth_dropm0p05_ratio0p2_rec2_h0p1_min1""}",64,,,
breadth_dropm0p05_ratio0p2_rec2_h0p1_min2,candidate,,0.152012,0.359378,-0.107737,152,-0.178799,-0.074633,-0.160351,98,-0.033534,0.088164,-0.088886,154,0.033224,-0.128797,-0.156751,202,-0.029066,-0.056686,-0.141317,168,0.016739,0.012381,-0.164269,264,,,,,,,,-0.05,0.2,2,0.1,2,1,0,0,0,0,0,0,2,0,"{""breadth_drop_threshold"": -0.05, ""breadth_effective_lag_days"": 1, ""breadth_normal_to_risk_min_days"": 2, ""breadth_panic_ratio"": 0.2, ""breadth_risk_recovery_days"": 2, ""breadth_risk_switch_hurdle_pct"": 0.1, ""name"": ""breadth_dropm0p05_ratio0p2_rec2_h0p1_min2""}",65,,,
breadth_dropm0p05_ratio0p2_rec3_h0p05_min1,candidate,,0.152012,0.359378,-0.107737,152,-0.178799,-0.074633,-0.160351,98,-0.033534,0.088164,-0.088886,154,0.033224,-0.128797,-0.156751,202,-0.029066,-0.056686,-0.141317,168,0.026799,0.02244,-0.164269,262,,,,,,,,-0.05,0.2,3,0.05,1,1,0,3,0,0,0,1,2,0,"{""breadth_drop_threshold"": -0.05, ""breadth_effective_lag_days"": 1, ""breadth_normal_to_risk_min_days"": 1, ""breadth_panic_ratio"": 0.2, ""breadth_risk_recovery_days"": 3, ""breadth_risk_switch_hurdle_pct"": 0.05, ""name"": ""breadth_dropm0p05_ratio0p2_rec3_h0p05_min1""}",66,,,
breadth_dropm0p05_ratio0p2_rec3_h0p05_min2,candidate,,0.152012,0.359378,-0.107737,152,-0.178799,-0.074633,-0.160351,98,-0.033534,0.088164,-0.088886,154,0.033224,-0.128797,-0.156751,202,-0.029066,-0.056686,-0.141317,168,0.016739,0.012381,-0.164269,264,,,,,,,,-0.05,0.2,3,0.05,2,1,0,0,0,0,0,0,2,0,"{""breadth_drop_threshold"": -0.05, ""breadth_effective_lag_days"": 1, ""breadth_normal_to_risk_min_days"": 2, ""breadth_panic_ratio"": 0.2, ""breadth_risk_recovery_days"": 3, ""breadth_risk_switch_hurdle_pct"": 0.05, ""name"": ""breadth_dropm0p05_ratio0p2_rec3_h0p05_min2""}",67,,,
breadth_dropm0p05_ratio0p2_rec3_h0p08_min1,candidate,,0.152012,0.359378,-0.107737,152,-0.178799,-0.074633,-0.160351,98,-0.033534,0.088164,-0.088886,154,0.033224,-0.128797,-0.156751,202,-0.029066,-0.056686,-0.141317,168,0.015109,0.01075,-0.164269,264,,,,,,,,-0.05,0.2,3,0.08,1,1,0,3,0,0,0,1,2,0,"{""breadth_drop_threshold"": -0.05, ""breadth_effective_lag_days"": 1, ""breadth_normal_to_risk_min_days"": 1, ""breadth_panic_ratio"": 0.2, ""breadth_risk_recovery_days"": 3, ""breadth_risk_switch_hurdle_pct"": 0.08, ""name"": ""breadth_dropm0p05_ratio0p2_rec3_h0p08_min1""}",68,,,
breadth_dropm0p05_ratio0p2_rec3_h0p08_min2,candidate,,0.152012,0.359378,-0.107737,152,-0.178799,-0.074633,-0.160351,98,-0.033534,0.088164,-0.088886,154,0.033224,-0.128797,-0.156751,202,-0.029066,-0.056686,-0.141317,168,0.016739,0.012381,-0.164269,264,,,,,,,,-0.05,0.2,3,0.08,2,1,0,0,0,0,0,0,2,0,"{""breadth_drop_threshold"": -0.05, ""breadth_effective_lag_days"": 1, ""breadth_normal_to_risk_min_days"": 2, ""breadth_panic_ratio"": 0.2, ""breadth_risk_recovery_days"": 3, ""breadth_risk_switch_hurdle_pct"": 0.08, ""name"": ""breadth_dropm0p05_ratio0p2_rec3_h0p08_min2""}",69,,,
breadth_dropm0p05_ratio0p2_rec3_h0p1_min1,candidate,,0.152012,0.359378,-0.107737,152,-0.178799,-0.074633,-0.160351,98,-0.033534,0.088164,-0.088886,154,0.033224,-0.128797,-0.156751,202,-0.029066,-0.056686,-0.141317,168,0.015109,0.01075,-0.164269,264,,,,,,,,-0.05,0.2,3,0.1,1,1,0,3,0,0,0,1,2,0,"{""breadth_drop_threshold"": -0.05, ""breadth_effective_lag_days"": 1, ""breadth_normal_to_risk_min_days"": 1, ""breadth_panic_ratio"": 0.2, ""breadth_risk_recovery_days"": 3, ""breadth_risk_switch_hurdle_pct"": 0.1, ""name"": ""breadth_dropm0p05_ratio0p2_rec3_h0p1_min1""}",70,,,
breadth_dropm0p05_ratio0p2_rec3_h0p1_min2,candidate,,0.152012,0.359378,-0.107737,152,-0.178799,-0.074633,-0.160351,98,-0.033534,0.088164,-0.088886,154,0.033224,-0.128797,-0.156751,202,-0.029066,-0.056686,-0.141317,168,0.016739,0.012381,-0.164269,264,,,,,,,,-0.05,0.2,3,0.1,2,1,0,0,0,0,0,0,2,0,"{""breadth_drop_threshold"": -0.05, ""breadth_effective_lag_days"": 1, ""breadth_normal_to_risk_min_days"": 2, ""breadth_panic_ratio"": 0.2, ""breadth_risk_recovery_days"": 3, ""breadth_risk_switch_hurdle_pct"": 0.1, ""name"": ""breadth_dropm0p05_ratio0p2_rec3_h0p1_min2""}",71,,,
breadth_dropm0p05_ratio0p3_rec1_h0p05_min1,candidate,,0.152012,0.359378,-0.107737,152,-0.178799,-0.074633,-0.160351,98,-0.033534,0.088164,-0.088886,154,0.033224,-0.128797,-0.156751,202,-0.029066,-0.056686,-0.141317,168,0.016739,0.012381,-0.164269,264,,,,,,,,-0.05,0.3,1,0.05,1,1,0,1,0,0,0,1,2,0,"{""breadth_drop_threshold"": -0.05, ""breadth_effective_lag_days"": 1, ""breadth_normal_to_risk_min_days"": 1, ""breadth_panic_ratio"": 0.3, ""breadth_risk_recovery_days"": 1, ""breadth_risk_switch_hurdle_pct"": 0.05, ""name"": ""breadth_dropm0p05_ratio0p3_rec1_h0p05_min1""}",72,,,
breadth_dropm0p05_ratio0p3_rec1_h0p05_min2,candidate,,0.152012,0.359378,-0.107737,152,-0.178799,-0.074633,-0.160351,98,-0.033534,0.088164,-0.088886,154,0.033224,-0.128797,-0.156751,202,-0.029066,-0.056686,-0.141317,168,0.016739,0.012381,-0.164269,264,,,,,,,,-0.05,0.3,1,0.05,2,1,0,0,0,0,0,0,2,0,"{""breadth_drop_threshold"": -0.05, ""breadth_effective_lag_days"": 1, ""breadth_normal_to_risk_min_days"": 2, ""breadth_panic_ratio"": 0.3, ""breadth_risk_recovery_days"": 1, ""breadth_risk_switch_hurdle_pct"": 0.05, ""name"": ""breadth_dropm0p05_ratio0p3_rec1_h0p05_min2""}",73,,,
breadth_dropm0p05_ratio0p3_rec1_h0p08_min1,candidate,,0.152012,0.359378,-0.107737,152,-0.178799,-0.074633,-0.160351,98,-0.033534,0.088164,-0.088886,154,0.033224,-0.128797,-0.156751,202,-0.029066,-0.056686,-0.141317,168,0.016739,0.012381,-0.164269,264,,,,,,,,-0.05,0.3,1,0.08,1,1,0,1,0,0,0,1,2,0,"{""breadth_drop_threshold"": -0.05, ""breadth_effective_lag_days"": 1, ""breadth_normal_to_risk_min_days"": 1, ""breadth_panic_ratio"": 0.3, ""breadth_risk_recovery_days"": 1, ""breadth_risk_switch_hurdle_pct"": 0.08, ""name"": ""breadth_dropm0p05_ratio0p3_rec1_h0p08_min1""}",74,,,
breadth_dropm0p05_ratio0p3_rec1_h0p08_min2,candidate,,0.152012,0.359378,-0.107737,152,-0.178799,-0.074633,-0.160351,98,-0.033534,0.088164,-0.088886,154,0.033224,-0.128797,-0.156751,202,-0.029066,-0.056686,-0.141317,168,0.016739,0.012381,-0.164269,264,,,,,,,,-0.05,0.3,1,0.08,2,1,0,0,0,0,0,0,2,0,"{""breadth_drop_threshold"": -0.05, ""breadth_effective_lag_days"": 1, ""breadth_normal_to_risk_min_days"": 2, ""breadth_panic_ratio"": 0.3, ""breadth_risk_recovery_days"": 1, ""breadth_risk_switch_hurdle_pct"": 0.08, ""name"": ""breadth_dropm0p05_ratio0p3_rec1_h0p08_min2""}",75,,,
breadth_dropm0p05_ratio0p3_rec1_h0p1_min1,candidate,,0.152012,0.359378,-0.107737,152,-0.178799,-0.074633,-0.160351,98,-0.033534,0.088164,-0.088886,154,0.033224,-0.128797,-0.156751,202,-0.029066,-0.056686,-0.141317,168,0.016739,0.012381,-0.164269,264,,,,,,,,-0.05,0.3,1,0.1,1,1,0,1,0,0,0,1,2,0,"{""breadth_drop_threshold"": -0.05, ""breadth_effective_lag_days"": 1, ""breadth_normal_to_risk_min_days"": 1, ""breadth_panic_ratio"": 0.3, ""breadth_risk_recovery_days"": 1, ""breadth_risk_switch_hurdle_pct"": 0.1, ""name"": ""breadth_dropm0p05_ratio0p3_rec1_h0p1_min1""}",76,,,
breadth_dropm0p05_ratio0p3_rec1_h0p1_min2,candidate,,0.152012,0.359378,-0.107737,152,-0.178799,-0.074633,-0.160351,98,-0.033534,0.088164,-0.088886,154,0.033224,-0.128797,-0.156751,202,-0.029066,-0.056686,-0.141317,168,0.016739,0.012381,-0.164269,264,,,,,,,,-0.05,0.3,1,0.1,2,1,0,0,0,0,0,0,2,0,"{""breadth_drop_threshold"": -0.05, ""breadth_effective_lag_days"": 1, ""breadth_normal_to_risk_min_days"": 2, ""breadth_panic_ratio"": 0.3, ""breadth_risk_recovery_days"": 1, ""breadth_risk_switch_hurdle_pct"": 0.1, ""name"": ""breadth_dropm0p05_ratio0p3_rec1_h0p1_min2""}",77,,,
breadth_dropm0p05_ratio0p3_rec2_h0p05_min1,candidate,,0.152012,0.359378,-0.107737,152,-0.178799,-0.074633,-0.160351,98,-0.033534,0.088164,-0.088886,154,0.033224,-0.128797,-0.156751,202,-0.029066,-0.056686,-0.141317,168,0.016739,0.012381,-0.164269,264,,,,,,,,-0.05,0.3,2,0.05,1,1,0,1,0,0,0,1,2,0,"{""breadth_drop_threshold"": -0.05, ""breadth_effective_lag_days"": 1, ""breadth_normal_to_risk_min_days"": 1, ""breadth_panic_ratio"": 0.3, ""breadth_risk_recovery_days"": 2, ""breadth_risk_switch_hurdle_pct"": 0.05, ""name"": ""breadth_dropm0p05_ratio0p3_rec2_h0p05_min1""}",78,,,
breadth_dropm0p05_ratio0p3_rec2_h0p05_min2,candidate,,0.152012,0.359378,-0.107737,152,-0.178799,-0.074633,-0.160351,98,-0.033534,0.088164,-0.088886,154,0.033224,-0.128797,-0.156751,202,-0.029066,-0.056686,-0.141317,168,0.016739,0.012381,-0.164269,264,,,,,,,,-0.05,0.3,2,0.05,2,1,0,0,0,0,0,0,2,0,"{""breadth_drop_threshold"": -0.05, ""breadth_effective_lag_days"": 1, ""breadth_normal_to_risk_min_days"": 2, ""breadth_panic_ratio"": 0.3, ""breadth_risk_recovery_days"": 2, ""breadth_risk_switch_hurdle_pct"": 0.05, ""name"": ""breadth_dropm0p05_ratio0p3_rec2_h0p05_min2""}",79,,,
breadth_dropm0p05_ratio0p3_rec2_h0p08_min1,candidate,,0.152012,0.359378,-0.107737,152,-0.178799,-0.074633,-0.160351,98,-0.033534,0.088164,-0.088886,154,0.033224,-0.128797,-0.156751,202,-0.029066,-0.056686,-0.141317,168,0.01482,0.010462,-0.164269,264,,,,,,,,-0.05,0.3,2,0.08,1,1,0,1,0,0,0,1,2,0,"{""breadth_drop_threshold"": -0.05, ""breadth_effective_lag_days"": 1, ""breadth_normal_to_risk_min_days"": 1, ""breadth_panic_ratio"": 0.3, ""breadth_risk_recovery_days"": 2, ""breadth_risk_switch_hurdle_pct"": 0.08, ""name"": ""breadth_dropm0p05_ratio0p3_rec2_h0p08_min1""}",80,,,
breadth_dropm0p05_ratio0p3_rec2_h0p08_min2,candidate,,0.152012,0.359378,-0.107737,152,-0.178799,-0.074633,-0.160351,98,-0.033534,0.088164,-0.088886,154,0.033224,-0.128797,-0.156751,202,-0.029066,-0.056686,-0.141317,168,0.016739,0.012381,-0.164269,264,,,,,,,,-0.05,0.3,2,0.08,2,1,0,0,0,0,0,0,2,0,"{""breadth_drop_threshold"": -0.05, ""breadth_effective_lag_days"": 1, ""breadth_normal_to_risk_min_days"": 2, ""breadth_panic_ratio"": 0.3, ""breadth_risk_recovery_days"": 2, ""breadth_risk_switch_hurdle_pct"": 0.08, ""name"": ""breadth_dropm0p05_ratio0p3_rec2_h0p08_min2""}",81,,,
breadth_dropm0p05_ratio0p3_rec2_h0p1_min1,candidate,,0.152012,0.359378,-0.107737,152,-0.178799,-0.074633,-0.160351,98,-0.033534,0.088164,-0.088886,154,0.033224,-0.128797,-0.156751,202,-0.029066,-0.056686,-0.141317,168,0.01482,0.010462,-0.164269,264,,,,,,,,-0.05,0.3,2,0.1,1,1,0,1,0,0,0,1,2,0,"{""breadth_drop_threshold"": -0.05, ""breadth_effective_lag_days"": 1, ""breadth_normal_to_risk_min_days"": 1, ""breadth_panic_ratio"": 0.3, ""breadth_risk_recovery_days"": 2, ""breadth_risk_switch_hurdle_pct"": 0.1, ""name"": ""breadth_dropm0p05_ratio0p3_rec2_h0p1_min1""}",82,,,
breadth_dropm0p05_ratio0p3_rec2_h0p1_min2,candidate,,0.152012,0.359378,-0.107737,152,-0.178799,-0.074633,-0.160351,98,-0.033534,0.088164,-0.088886,154,0.033224,-0.128797,-0.156751,202,-0.029066,-0.056686,-0.141317,168,0.016739,0.012381,-0.164269,264,,,,,,,,-0.05,0.3,2,0.1,2,1,0,0,0,0,0,0,2,0,"{""breadth_drop_threshold"": -0.05, ""breadth_effective_lag_days"": 1, ""breadth_normal_to_risk_min_days"": 2, ""breadth_panic_ratio"": 0.3, ""breadth_risk_recovery_days"": 2, ""breadth_risk_switch_hurdle_pct"": 0.1, ""name"": ""breadth_dropm0p05_ratio0p3_rec2_h0p1_min2""}",83,,,
breadth_dropm0p05_ratio0p3_rec3_h0p05_min1,candidate,,0.152012,0.359378,-0.107737,152,-0.178799,-0.074633,-0.160351,98,-0.033534,0.088164,-0.088886,154,0.033224,-0.128797,-0.156751,202,-0.029066,-0.056686,-0.141317,168,0.026799,0.02244,-0.164269,262,,,,,,,,-0.05,0.3,3,0.05,1,1,0,1,0,0,0,1,2,0,"{""breadth_drop_threshold"": -0.05, ""breadth_effective_lag_days"": 1, ""breadth_normal_to_risk_min_days"": 1, ""breadth_panic_ratio"": 0.3, ""breadth_risk_recovery_days"": 3, ""breadth_risk_switch_hurdle_pct"": 0.05, ""name"": ""breadth_dropm0p05_ratio0p3_rec3_h0p05_min1""}",84,,,
breadth_dropm0p05_ratio0p3_rec3_h0p05_min2,candidate,,0.152012,0.359378,-0.107737,152,-0.178799,-0.074633,-0.160351,98,-0.033534,0.088164,-0.088886,154,0.033224,-0.128797,-0.156751,202,-0.029066,-0.056686,-0.141317,168,0.016739,0.012381,-0.164269,264,,,,,,,,-0.05,0.3,3,0.05,2,1,0,0,0,0,0,0,2,0,"{""breadth_drop_threshold"": -0.05, ""breadth_effective_lag_days"": 1, ""breadth_normal_to_risk_min_days"": 2, ""breadth_panic_ratio"": 0.3, ""breadth_risk_recovery_days"": 3, ""breadth_risk_switch_hurdle_pct"": 0.05, ""name"": ""breadth_dropm0p05_ratio0p3_rec3_h0p05_min2""}",85,,,
breadth_dropm0p05_ratio0p3_rec3_h0p08_min1,candidate,,0.152012,0.359378,-0.107737,152,-0.178799,-0.074633,-0.160351,98,-0.033534,0.088164,-0.088886,154,0.033224,-0.128797,-0.156751,202,-0.029066,-0.056686,-0.141317,168,0.015109,0.01075,-0.164269,264,,,,,,,,-0.05,0.3,3,0.08,1,1,0,1,0,0,0,1,2,0,"{""breadth_drop_threshold"": -0.05, ""breadth_effective_lag_days"": 1, ""breadth_normal_to_risk_min_days"": 1, ""breadth_panic_ratio"": 0.3, ""breadth_risk_recovery_days"": 3, ""breadth_risk_switch_hurdle_pct"": 0.08, ""name"": ""breadth_dropm0p05_ratio0p3_rec3_h0p08_min1""}",86,,,
breadth_dropm0p05_ratio0p3_rec3_h0p08_min2,candidate,,0.152012,0.359378,-0.107737,152,-0.178799,-0.074633,-0.160351,98,-0.033534,0.088164,-0.088886,154,0.033224,-0.128797,-0.156751,202,-0.029066,-0.056686,-0.141317,168,0.016739,0.012381,-0.164269,264,,,,,,,,-0.05,0.3,3,0.08,2,1,0,0,0,0,0,0,2,0,"{""breadth_drop_threshold"": -0.05, ""breadth_effective_lag_days"": 1, ""breadth_normal_to_risk_min_days"": 2, ""breadth_panic_ratio"": 0.3, ""breadth_risk_recovery_days"": 3, ""breadth_risk_switch_hurdle_pct"": 0.08, ""name"": ""breadth_dropm0p05_ratio0p3_rec3_h0p08_min2""}",87,,,
breadth_dropm0p05_ratio0p3_rec3_h0p1_min1,candidate,,0.152012,0.359378,-0.107737,152,-0.178799,-0.074633,-0.160351,98,-0.033534,0.088164,-0.088886,154,0.033224,-0.128797,-0.156751,202,-0.029066,-0.056686,-0.141317,168,0.015109,0.01075,-0.164269,264,,,,,,,,-0.05,0.3,3,0.1,1,1,0,1,0,0,0,1,2,0,"{""breadth_drop_threshold"": -0.05, ""breadth_effective_lag_days"": 1, ""breadth_normal_to_risk_min_days"": 1, ""breadth_panic_ratio"": 0.3, ""breadth_risk_recovery_days"": 3, ""breadth_risk_switch_hurdle_pct"": 0.1, ""name"": ""breadth_dropm0p05_ratio0p3_rec3_h0p1_min1""}",88,,,
breadth_dropm0p05_ratio0p3_rec3_h0p1_min2,candidate,,0.152012,0.359378,-0.107737,152,-0.178799,-0.074633,-0.160351,98,-0.033534,0.088164,-0.088886,154,0.033224,-0.128797,-0.156751,202,-0.029066,-0.056686,-0.141317,168,0.016739,0.012381,-0.164269,264,,,,,,,,-0.05,0.3,3,0.1,2,1,0,0,0,0,0,0,2,0,"{""breadth_drop_threshold"": -0.05, ""breadth_effective_lag_days"": 1, ""breadth_normal_to_risk_min_days"": 2, ""breadth_panic_ratio"": 0.3, ""breadth_risk_recovery_days"": 3, ""breadth_risk_switch_hurdle_pct"": 0.1, ""name"": ""breadth_dropm0p05_ratio0p3_rec3_h0p1_min2""}",89,,,
breadth_dropm0p05_ratio0p4_rec1_h0p05_min1,candidate,,0.152012,0.359378,-0.107737,152,-0.178799,-0.074633,-0.160351,98,-0.033534,0.088164,-0.088886,154,0.033224,-0.128797,-0.156751,202,-0.029066,-0.056686,-0.141317,168,0.016739,0.012381,-0.164269,264,,,,,,,,-0.05,0.4,1,0.05,1,1,0,1,0,0,0,0,2,0,"{""breadth_drop_threshold"": -0.05, ""breadth_effective_lag_days"": 1, ""breadth_normal_to_risk_min_days"": 1, ""breadth_panic_ratio"": 0.4, ""breadth_risk_recovery_days"": 1, ""breadth_risk_switch_hurdle_pct"": 0.05, ""name"": ""breadth_dropm0p05_ratio0p4_rec1_h0p05_min1""}",90,,,
breadth_dropm0p05_ratio0p4_rec1_h0p05_min2,candidate,,0.152012,0.359378,-0.107737,152,-0.178799,-0.074633,-0.160351,98,-0.033534,0.088164,-0.088886,154,0.033224,-0.128797,-0.156751,202,-0.029066,-0.056686,-0.141317,168,0.016739,0.012381,-0.164269,264,,,,,,,,-0.05,0.4,1,0.05,2,1,0,0,0,0,0,0,2,0,"{""breadth_drop_threshold"": -0.05, ""breadth_effective_lag_days"": 1, ""breadth_normal_to_risk_min_days"": 2, ""breadth_panic_ratio"": 0.4, ""breadth_risk_recovery_days"": 1, ""breadth_risk_switch_hurdle_pct"": 0.05, ""name"": ""breadth_dropm0p05_ratio0p4_rec1_h0p05_min2""}",91,,,
breadth_dropm0p05_ratio0p4_rec1_h0p08_min1,candidate,,0.152012,0.359378,-0.107737,152,-0.178799,-0.074633,-0.160351,98,-0.033534,0.088164,-0.088886,154,0.033224,-0.128797,-0.156751,202,-0.029066,-0.056686,-0.141317,168,0.016739,0.012381,-0.164269,264,,,,,,,,-0.05,0.4,1,0.08,1,1,0,1,0,0,0,0,2,0,"{""breadth_drop_threshold"": -0.05, ""breadth_effective_lag_days"": 1, ""breadth_normal_to_risk_min_days"": 1, ""breadth_panic_ratio"": 0.4, ""breadth_risk_recovery_days"": 1, ""breadth_risk_switch_hurdle_pct"": 0.08, ""name"": ""breadth_dropm0p05_ratio0p4_rec1_h0p08_min1""}",92,,,
breadth_dropm0p05_ratio0p4_rec1_h0p08_min2,candidate,,0.152012,0.359378,-0.107737,152,-0.178799,-0.074633,-0.160351,98,-0.033534,0.088164,-0.088886,154,0.033224,-0.128797,-0.156751,202,-0.029066,-0.056686,-0.141317,168,0.016739,0.012381,-0.164269,264,,,,,,,,-0.05,0.4,1,0.08,2,1,0,0,0,0,0,0,2,0,"{""breadth_drop_threshold"": -0.05, ""breadth_effective_lag_days"": 1, ""breadth_normal_to_risk_min_days"": 2, ""breadth_panic_ratio"": 0.4, ""breadth_risk_recovery_days"": 1, ""breadth_risk_switch_hurdle_pct"": 0.08, ""name"": ""breadth_dropm0p05_ratio0p4_rec1_h0p08_min2""}",93,,,
breadth_dropm0p05_ratio0p4_rec1_h0p1_min1,candidate,,0.152012,0.359378,-0.107737,152,-0.178799,-0.074633,-0.160351,98,-0.033534,0.088164,-0.088886,154,0.033224,-0.128797,-0.156751,202,-0.029066,-0.056686,-0.141317,168,0.016739,0.012381,-0.164269,264,,,,,,,,-0.05,0.4,1,0.1,1,1,0,1,0,0,0,0,2,0,"{""breadth_drop_threshold"": -0.05, ""breadth_effective_lag_days"": 1, ""breadth_normal_to_risk_min_days"": 1, ""breadth_panic_ratio"": 0.4, ""breadth_risk_recovery_days"": 1, ""breadth_risk_switch_hurdle_pct"": 0.1, ""name"": ""breadth_dropm0p05_ratio0p4_rec1_h0p1_min1""}",94,,,
breadth_dropm0p05_ratio0p4_rec1_h0p1_min2,candidate,,0.152012,0.359378,-0.107737,152,-0.178799,-0.074633,-0.160351,98,-0.033534,0.088164,-0.088886,154,0.033224,-0.128797,-0.156751,202,-0.029066,-0.056686,-0.141317,168,0.016739,0.012381,-0.164269,264,,,,,,,,-0.05,0.4,1,0.1,2,1,0,0,0,0,0,0,2,0,"{""breadth_drop_threshold"": -0.05, ""breadth_effective_lag_days"": 1, ""breadth_normal_to_risk_min_days"": 2, ""breadth_panic_ratio"": 0.4, ""breadth_risk_recovery_days"": 1, ""breadth_risk_switch_hurdle_pct"": 0.1, ""name"": ""breadth_dropm0p05_ratio0p4_rec1_h0p1_min2""}",95,,,
breadth_dropm0p05_ratio0p4_rec2_h0p05_min1,candidate,,0.152012,0.359378,-0.107737,152,-0.178799,-0.074633,-0.160351,98,-0.033534,0.088164,-0.088886,154,0.033224,-0.128797,-0.156751,202,-0.029066,-0.056686,-0.141317,168,0.016739,0.012381,-0.164269,264,,,,,,,,-0.05,0.4,2,0.05,1,1,0,1,0,0,0,0,2,0,"{""breadth_drop_threshold"": -0.05, ""breadth_effective_lag_days"": 1, ""breadth_normal_to_risk_min_days"": 1, ""breadth_panic_ratio"": 0.4, ""breadth_risk_recovery_days"": 2, ""breadth_risk_switch_hurdle_pct"": 0.05, ""name"": ""breadth_dropm0p05_ratio0p4_rec2_h0p05_min1""}",96,,,
breadth_dropm0p05_ratio0p4_rec2_h0p05_min2,candidate,,0.152012,0.359378,-0.107737,152,-0.178799,-0.074633,-0.160351,98,-0.033534,0.088164,-0.088886,154,0.033224,-0.128797,-0.156751,202,-0.029066,-0.056686,-0.141317,168,0.016739,0.012381,-0.164269,264,,,,,,,,-0.05,0.4,2,0.05,2,1,0,0,0,0,0,0,2,0,"{""breadth_drop_threshold"": -0.05, ""breadth_effective_lag_days"": 1, ""breadth_normal_to_risk_min_days"": 2, ""breadth_panic_ratio"": 0.4, ""breadth_risk_recovery_days"": 2, ""breadth_risk_switch_hurdle_pct"": 0.05, ""name"": ""breadth_dropm0p05_ratio0p4_rec2_h0p05_min2""}",97,,,
breadth_dropm0p05_ratio0p4_rec2_h0p08_min1,candidate,,0.152012,0.359378,-0.107737,152,-0.178799,-0.074633,-0.160351,98,-0.033534,0.088164,-0.088886,154,0.033224,-0.128797,-0.156751,202,-0.029066,-0.056686,-0.141317,168,0.016739,0.012381,-0.164269,264,,,,,,,,-0.05,0.4,2,0.08,1,1,0,1,0,0,0,0,2,0,"{""breadth_drop_threshold"": -0.05, ""breadth_effective_lag_days"": 1, ""breadth_normal_to_risk_min_days"": 1, ""breadth_panic_ratio"": 0.4, ""breadth_risk_recovery_days"": 2, ""breadth_risk_switch_hurdle_pct"": 0.08, ""name"": ""breadth_dropm0p05_ratio0p4_rec2_h0p08_min1""}",98,,,
breadth_dropm0p05_ratio0p4_rec2_h0p08_min2,candidate,,0.152012,0.359378,-0.107737,152,-0.178799,-0.074633,-0.160351,98,-0.033534,0.088164,-0.088886,154,0.033224,-0.128797,-0.156751,202,-0.029066,-0.056686,-0.141317,168,0.016739,0.012381,-0.164269,264,,,,,,,,-0.05,0.4,2,0.08,2,1,0,0,0,0,0,0,2,0,"{""breadth_drop_threshold"": -0.05, ""breadth_effective_lag_days"": 1, ""breadth_normal_to_risk_min_days"": 2, ""breadth_panic_ratio"": 0.4, ""breadth_risk_recovery_days"": 2, ""breadth_risk_switch_hurdle_pct"": 0.08, ""name"": ""breadth_dropm0p05_ratio0p4_rec2_h0p08_min2""}",99,,,
breadth_dropm0p05_ratio0p4_rec2_h0p1_min1,candidate,,0.152012,0.359378,-0.107737,152,-0.178799,-0.074633,-0.160351,98,-0.033534,0.088164,-0.088886,154,0.033224,-0.128797,-0.156751,202,-0.029066,-0.056686,-0.141317,168,0.016739,0.012381,-0.164269,264,,,,,,,,-0.05,0.4,2,0.1,1,1,0,1,0,0,0,0,2,0,"{""breadth_drop_threshold"": -0.05, ""breadth_effective_lag_days"": 1, ""breadth_normal_to_risk_min_days"": 1, ""breadth_panic_ratio"": 0.4, ""breadth_risk_recovery_days"": 2, ""breadth_risk_switch_hurdle_pct"": 0.1, ""name"": ""breadth_dropm0p05_ratio0p4_rec2_h0p1_min1""}",100,,,
breadth_dropm0p05_ratio0p4_rec2_h0p1_min2,candidate,,0.152012,0.359378,-0.107737,152,-0.178799,-0.074633,-0.160351,98,-0.033534,0.088164,-0.088886,154,0.033224,-0.128797,-0.156751,202,-0.029066,-0.056686,-0.141317,168,0.016739,0.012381,-0.164269,264,,,,,,,,-0.05,0.4,2,0.1,2,1,0,0,0,0,0,0,2,0,"{""breadth_drop_threshold"": -0.05, ""breadth_effective_lag_days"": 1, ""breadth_normal_to_risk_min_days"": 2, ""breadth_panic_ratio"": 0.4, ""breadth_risk_recovery_days"": 2, ""breadth_risk_switch_hurdle_pct"": 0.1, ""name"": ""breadth_dropm0p05_ratio0p4_rec2_h0p1_min2""}",101,,,
breadth_dropm0p05_ratio0p4_rec3_h0p05_min1,candidate,,0.152012,0.359378,-0.107737,152,-0.178799,-0.074633,-0.160351,98,-0.033534,0.088164,-0.088886,154,0.033224,-0.128797,-0.156751,202,-0.029066,-0.056686,-0.141317,168,0.016739,0.012381,-0.164269,264,,,,,,,,-0.05,0.4,3,0.05,1,1,0,1,0,0,0,0,2,0,"{""breadth_drop_threshold"": -0.05, ""breadth_effective_lag_days"": 1, ""breadth_normal_to_risk_min_days"": 1, ""breadth_panic_ratio"": 0.4, ""breadth_risk_recovery_days"": 3, ""breadth_risk_switch_hurdle_pct"": 0.05, ""name"": ""breadth_dropm0p05_ratio0p4_rec3_h0p05_min1""}",102,,,
breadth_dropm0p05_ratio0p4_rec3_h0p05_min2,candidate,,0.152012,0.359378,-0.107737,152,-0.178799,-0.074633,-0.160351,98,-0.033534,0.088164,-0.088886,154,0.033224,-0.128797,-0.156751,202,-0.029066,-0.056686,-0.141317,168,0.016739,0.012381,-0.164269,264,,,,,,,,-0.05,0.4,3,0.05,2,1,0,0,0,0,0,0,2,0,"{""breadth_drop_threshold"": -0.05, ""breadth_effective_lag_days"": 1, ""breadth_normal_to_risk_min_days"": 2, ""breadth_panic_ratio"": 0.4, ""breadth_risk_recovery_days"": 3, ""breadth_risk_switch_hurdle_pct"": 0.05, ""name"": ""breadth_dropm0p05_ratio0p4_rec3_h0p05_min2""}",103,,,
breadth_dropm0p05_ratio0p4_rec3_h0p08_min1,candidate,,0.152012,0.359378,-0.107737,152,-0.178799,-0.074633,-0.160351,98,-0.033534,0.088164,-0.088886,154,0.033224,-0.128797,-0.156751,202,-0.029066,-0.056686,-0.141317,168,0.016739,0.012381,-0.164269,264,,,,,,,,-0.05,0.4,3,0.08,1,1,0,1,0,0,0,0,2,0,"{""breadth_drop_threshold"": -0.05, ""breadth_effective_lag_days"": 1, ""breadth_normal_to_risk_min_days"": 1, ""breadth_panic_ratio"": 0.4, ""breadth_risk_recovery_days"": 3, ""breadth_risk_switch_hurdle_pct"": 0.08, ""name"": ""breadth_dropm0p05_ratio0p4_rec3_h0p08_min1""}",104,,,
breadth_dropm0p05_ratio0p4_rec3_h0p08_min2,candidate,,0.152012,0.359378,-0.107737,152,-0.178799,-0.074633,-0.160351,98,-0.033534,0.088164,-0.088886,154,0.033224,-0.128797,-0.156751,202,-0.029066,-0.056686,-0.141317,168,0.016739,0.012381,-0.164269,264,,,,,,,,-0.05,0.4,3,0.08,2,1,0,0,0,0,0,0,2,0,"{""breadth_drop_threshold"": -0.05, ""breadth_effective_lag_days"": 1, ""breadth_normal_to_risk_min_days"": 2, ""breadth_panic_ratio"": 0.4, ""breadth_risk_recovery_days"": 3, ""breadth_risk_switch_hurdle_pct"": 0.08, ""name"": ""breadth_dropm0p05_ratio0p4_rec3_h0p08_min2""}",105,,,
breadth_dropm0p05_ratio0p4_rec3_h0p1_min1,candidate,,0.152012,0.359378,-0.107737,152,-0.178799,-0.074633,-0.160351,98,-0.033534,0.088164,-0.088886,154,0.033224,-0.128797,-0.156751,202,-0.029066,-0.056686,-0.141317,168,0.016739,0.012381,-0.164269,264,,,,,,,,-0.05,0.4,3,0.1,1,1,0,1,0,0,0,0,2,0,"{""breadth_drop_threshold"": -0.05, ""breadth_effective_lag_days"": 1, ""breadth_normal_to_risk_min_days"": 1, ""breadth_panic_ratio"": 0.4, ""breadth_risk_recovery_days"": 3, ""breadth_risk_switch_hurdle_pct"": 0.1, ""name"": ""breadth_dropm0p05_ratio0p4_rec3_h0p1_min1""}",106,,,
breadth_dropm0p05_ratio0p4_rec3_h0p1_min2,candidate,,0.152012,0.359378,-0.107737,152,-0.178799,-0.074633,-0.160351,98,-0.033534,0.088164,-0.088886,154,0.033224,-0.128797,-0.156751,202,-0.029066,-0.056686,-0.141317,168,0.016739,0.012381,-0.164269,264,,,,,,,,-0.05,0.4,3,0.1,2,1,0,0,0,0,0,0,2,0,"{""breadth_drop_threshold"": -0.05, ""breadth_effective_lag_days"": 1, ""breadth_normal_to_risk_min_days"": 2, ""breadth_panic_ratio"": 0.4, ""breadth_risk_recovery_days"": 3, ""breadth_risk_switch_hurdle_pct"": 0.1, ""name"": ""breadth_dropm0p05_ratio0p4_rec3_h0p1_min2""}",107,,,
breadth_dropm0p07_ratio0p2_rec1_h0p05_min1,candidate,,0.152012,0.359378,-0.107737,152,-0.178799,-0.074633,-0.160351,98,-0.033534,0.088164,-0.088886,154,0.033224,-0.128797,-0.156751,202,-0.029066,-0.056686,-0.141317,168,0.016739,0.012381,-0.164269,264,,,,,,,,-0.07,0.2,1,0.05,1,1,0,0,0,0,0,0,2,0,"{""breadth_drop_threshold"": -0.07, ""breadth_effective_lag_days"": 1, ""breadth_normal_to_risk_min_days"": 1, ""breadth_panic_ratio"": 0.2, ""breadth_risk_recovery_days"": 1, ""breadth_risk_switch_hurdle_pct"": 0.05, ""name"": ""breadth_dropm0p07_ratio0p2_rec1_h0p05_min1""}",108,,,
breadth_dropm0p07_ratio0p2_rec1_h0p05_min2,candidate,,0.152012,0.359378,-0.107737,152,-0.178799,-0.074633,-0.160351,98,-0.033534,0.088164,-0.088886,154,0.033224,-0.128797,-0.156751,202,-0.029066,-0.056686,-0.141317,168,0.016739,0.012381,-0.164269,264,,,,,,,,-0.07,0.2,1,0.05,2,1,0,0,0,0,0,0,2,0,"{""breadth_drop_threshold"": -0.07, ""breadth_effective_lag_days"": 1, ""breadth_normal_to_risk_min_days"": 2, ""breadth_panic_ratio"": 0.2, ""breadth_risk_recovery_days"": 1, ""breadth_risk_switch_hurdle_pct"": 0.05, ""name"": ""breadth_dropm0p07_ratio0p2_rec1_h0p05_min2""}",109,,,
breadth_dropm0p07_ratio0p2_rec1_h0p08_min1,candidate,,0.152012,0.359378,-0.107737,152,-0.178799,-0.074633,-0.160351,98,-0.033534,0.088164,-0.088886,154,0.033224,-0.128797,-0.156751,202,-0.029066,-0.056686,-0.141317,168,0.016739,0.012381,-0.164269,264,,,,,,,,-0.07,0.2,1,0.08,1,1,0,0,0,0,0,0,2,0,"{""breadth_drop_threshold"": -0.07, ""breadth_effective_lag_days"": 1, ""breadth_normal_to_risk_min_days"": 1, ""breadth_panic_ratio"": 0.2, ""breadth_risk_recovery_days"": 1, ""breadth_risk_switch_hurdle_pct"": 0.08, ""name"": ""breadth_dropm0p07_ratio0p2_rec1_h0p08_min1""}",110,,,
breadth_dropm0p07_ratio0p2_rec1_h0p08_min2,candidate,,0.152012,0.359378,-0.107737,152,-0.178799,-0.074633,-0.160351,98,-0.033534,0.088164,-0.088886,154,0.033224,-0.128797,-0.156751,202,-0.029066,-0.056686,-0.141317,168,0.016739,0.012381,-0.164269,264,,,,,,,,-0.07,0.2,1,0.08,2,1,0,0,0,0,0,0,2,0,"{""breadth_drop_threshold"": -0.07, ""breadth_effective_lag_days"": 1, ""breadth_normal_to_risk_min_days"": 2, ""breadth_panic_ratio"": 0.2, ""breadth_risk_recovery_days"": 1, ""breadth_risk_switch_hurdle_pct"": 0.08, ""name"": ""breadth_dropm0p07_ratio0p2_rec1_h0p08_min2""}",111,,,
breadth_dropm0p07_ratio0p2_rec1_h0p1_min1,candidate,,0.152012,0.359378,-0.107737,152,-0.178799,-0.074633,-0.160351,98,-0.033534,0.088164,-0.088886,154,0.033224,-0.128797,-0.156751,202,-0.029066,-0.056686,-0.141317,168,0.016739,0.012381,-0.164269,264,,,,,,,,-0.07,0.2,1,0.1,1,1,0,0,0,0,0,0,2,0,"{""breadth_drop_threshold"": -0.07, ""breadth_effective_lag_days"": 1, ""breadth_normal_to_risk_min_days"": 1, ""breadth_panic_ratio"": 0.2, ""breadth_risk_recovery_days"": 1, ""breadth_risk_switch_hurdle_pct"": 0.1, ""name"": ""breadth_dropm0p07_ratio0p2_rec1_h0p1_min1""}",112,,,
breadth_dropm0p07_ratio0p2_rec1_h0p1_min2,candidate,,0.152012,0.359378,-0.107737,152,-0.178799,-0.074633,-0.160351,98,-0.033534,0.088164,-0.088886,154,0.033224,-0.128797,-0.156751,202,-0.029066,-0.056686,-0.141317,168,0.016739,0.012381,-0.164269,264,,,,,,,,-0.07,0.2,1,0.1,2,1,0,0,0,0,0,0,2,0,"{""breadth_drop_threshold"": -0.07, ""breadth_effective_lag_days"": 1, ""breadth_normal_to_risk_min_days"": 2, ""breadth_panic_ratio"": 0.2, ""breadth_risk_recovery_days"": 1, ""breadth_risk_switch_hurdle_pct"": 0.1, ""name"": ""breadth_dropm0p07_ratio0p2_rec1_h0p1_min2""}",113,,,
breadth_dropm0p07_ratio0p2_rec2_h0p05_min1,candidate,,0.152012,0.359378,-0.107737,152,-0.178799,-0.074633,-0.160351,98,-0.033534,0.088164,-0.088886,154,0.033224,-0.128797,-0.156751,202,-0.029066,-0.056686,-0.141317,168,0.016739,0.012381,-0.164269,264,,,,,,,,-0.07,0.2,2,0.05,1,1,0,0,0,0,0,0,2,0,"{""breadth_drop_threshold"": -0.07, ""breadth_effective_lag_days"": 1, ""breadth_normal_to_risk_min_days"": 1, ""breadth_panic_ratio"": 0.2, ""breadth_risk_recovery_days"": 2, ""breadth_risk_switch_hurdle_pct"": 0.05, ""name"": ""breadth_dropm0p07_ratio0p2_rec2_h0p05_min1""}",114,,,
breadth_dropm0p07_ratio0p2_rec2_h0p05_min2,candidate,,0.152012,0.359378,-0.107737,152,-0.178799,-0.074633,-0.160351,98,-0.033534,0.088164,-0.088886,154,0.033224,-0.128797,-0.156751,202,-0.029066,-0.056686,-0.141317,168,0.016739,0.012381,-0.164269,264,,,,,,,,-0.07,0.2,2,0.05,2,1,0,0,0,0,0,0,2,0,"{""breadth_drop_threshold"": -0.07, ""breadth_effective_lag_days"": 1, ""breadth_normal_to_risk_min_days"": 2, ""breadth_panic_ratio"": 0.2, ""breadth_risk_recovery_days"": 2, ""breadth_risk_switch_hurdle_pct"": 0.05, ""name"": ""breadth_dropm0p07_ratio0p2_rec2_h0p05_min2""}",115,,,
breadth_dropm0p07_ratio0p2_rec2_h0p08_min1,candidate,,0.152012,0.359378,-0.107737,152,-0.178799,-0.074633,-0.160351,98,-0.033534,0.088164,-0.088886,154,0.033224,-0.128797,-0.156751,202,-0.029066,-0.056686,-0.141317,168,0.016739,0.012381,-0.164269,264,,,,,,,,-0.07,0.2,2,0.08,1,1,0,0,0,0,0,0,2,0,"{""breadth_drop_threshold"": -0.07, ""breadth_effective_lag_days"": 1, ""breadth_normal_to_risk_min_days"": 1, ""breadth_panic_ratio"": 0.2, ""breadth_risk_recovery_days"": 2, ""breadth_risk_switch_hurdle_pct"": 0.08, ""name"": ""breadth_dropm0p07_ratio0p2_rec2_h0p08_min1""}",116,,,
breadth_dropm0p07_ratio0p2_rec2_h0p08_min2,candidate,,0.152012,0.359378,-0.107737,152,-0.178799,-0.074633,-0.160351,98,-0.033534,0.088164,-0.088886,154,0.033224,-0.128797,-0.156751,202,-0.029066,-0.056686,-0.141317,168,0.016739,0.012381,-0.164269,264,,,,,,,,-0.07,0.2,2,0.08,2,1,0,0,0,0,0,0,2,0,"{""breadth_drop_threshold"": -0.07, ""breadth_effective_lag_days"": 1, ""breadth_normal_to_risk_min_days"": 2, ""breadth_panic_ratio"": 0.2, ""breadth_risk_recovery_days"": 2, ""breadth_risk_switch_hurdle_pct"": 0.08, ""name"": ""breadth_dropm0p07_ratio0p2_rec2_h0p08_min2""}",117,,,
breadth_dropm0p07_ratio0p2_rec2_h0p1_min1,candidate,,0.152012,0.359378,-0.107737,152,-0.178799,-0.074633,-0.160351,98,-0.033534,0.088164,-0.088886,154,0.033224,-0.128797,-0.156751,202,-0.029066,-0.056686,-0.141317,168,0.016739,0.012381,-0.164269,264,,,,,,,,-0.07,0.2,2,0.1,1,1,0,0,0,0,0,0,2,0,"{""breadth_drop_threshold"": -0.07, ""breadth_effective_lag_days"": 1, ""breadth_normal_to_risk_min_days"": 1, ""breadth_panic_ratio"": 0.2, ""breadth_risk_recovery_days"": 2, ""breadth_risk_switch_hurdle_pct"": 0.1, ""name"": ""breadth_dropm0p07_ratio0p2_rec2_h0p1_min1""}",118,,,
breadth_dropm0p07_ratio0p2_rec2_h0p1_min2,candidate,,0.152012,0.359378,-0.107737,152,-0.178799,-0.074633,-0.160351,98,-0.033534,0.088164,-0.088886,154,0.033224,-0.128797,-0.156751,202,-0.029066,-0.056686,-0.141317,168,0.016739,0.012381,-0.164269,264,,,,,,,,-0.07,0.2,2,0.1,2,1,0,0,0,0,0,0,2,0,"{""breadth_drop_threshold"": -0.07, ""breadth_effective_lag_days"": 1, ""breadth_normal_to_risk_min_days"": 2, ""breadth_panic_ratio"": 0.2, ""breadth_risk_recovery_days"": 2, ""breadth_risk_switch_hurdle_pct"": 0.1, ""name"": ""breadth_dropm0p07_ratio0p2_rec2_h0p1_min2""}",119,,,
breadth_dropm0p07_ratio0p2_rec3_h0p05_min1,candidate,,0.152012,0.359378,-0.107737,152,-0.178799,-0.074633,-0.160351,98,-0.033534,0.088164,-0.088886,154,0.033224,-0.128797,-0.156751,202,-0.029066,-0.056686,-0.141317,168,0.016739,0.012381,-0.164269,264,,,,,,,,-0.07,0.2,3,0.05,1,1,0,0,0,0,0,0,2,0,"{""breadth_drop_threshold"": -0.07, ""breadth_effective_lag_days"": 1, ""breadth_normal_to_risk_min_days"": 1, ""breadth_panic_ratio"": 0.2, ""breadth_risk_recovery_days"": 3, ""breadth_risk_switch_hurdle_pct"": 0.05, ""name"": ""breadth_dropm0p07_ratio0p2_rec3_h0p05_min1""}",120,,,
breadth_dropm0p07_ratio0p2_rec3_h0p05_min2,candidate,,0.152012,0.359378,-0.107737,152,-0.178799,-0.074633,-0.160351,98,-0.033534,0.088164,-0.088886,154,0.033224,-0.128797,-0.156751,202,-0.029066,-0.056686,-0.141317,168,0.016739,0.012381,-0.164269,264,,,,,,,,-0.07,0.2,3,0.05,2,1,0,0,0,0,0,0,2,0,"{""breadth_drop_threshold"": -0.07, ""breadth_effective_lag_days"": 1, ""breadth_normal_to_risk_min_days"": 2, ""breadth_panic_ratio"": 0.2, ""breadth_risk_recovery_days"": 3, ""breadth_risk_switch_hurdle_pct"": 0.05, ""name"": ""breadth_dropm0p07_ratio0p2_rec3_h0p05_min2""}",121,,,
breadth_dropm0p07_ratio0p2_rec3_h0p08_min1,candidate,,0.152012,0.359378,-0.107737,152,-0.178799,-0.074633,-0.160351,98,-0.033534,0.088164,-0.088886,154,0.033224,-0.128797,-0.156751,202,-0.029066,-0.056686,-0.141317,168,0.016739,0.012381,-0.164269,264,,,,,,,,-0.07,0.2,3,0.08,1,1,0,0,0,0,0,0,2,0,"{""breadth_drop_threshold"": -0.07, ""breadth_effective_lag_days"": 1, ""breadth_normal_to_risk_min_days"": 1, ""breadth_panic_ratio"": 0.2, ""breadth_risk_recovery_days"": 3, ""breadth_risk_switch_hurdle_pct"": 0.08, ""name"": ""breadth_dropm0p07_ratio0p2_rec3_h0p08_min1""}",122,,,
breadth_dropm0p07_ratio0p2_rec3_h0p08_min2,candidate,,0.152012,0.359378,-0.107737,152,-0.178799,-0.074633,-0.160351,98,-0.033534,0.088164,-0.088886,154,0.033224,-0.128797,-0.156751,202,-0.029066,-0.056686,-0.141317,168,0.016739,0.012381,-0.164269,264,,,,,,,,-0.07,0.2,3,0.08,2,1,0,0,0,0,0,0,2,0,"{""breadth_drop_threshold"": -0.07, ""breadth_effective_lag_days"": 1, ""breadth_normal_to_risk_min_days"": 2, ""breadth_panic_ratio"": 0.2, ""breadth_risk_recovery_days"": 3, ""breadth_risk_switch_hurdle_pct"": 0.08, ""name"": ""breadth_dropm0p07_ratio0p2_rec3_h0p08_min2""}",123,,,
breadth_dropm0p07_ratio0p2_rec3_h0p1_min1,candidate,,0.152012,0.359378,-0.107737,152,-0.178799,-0.074633,-0.160351,98,-0.033534,0.088164,-0.088886,154,0.033224,-0.128797,-0.156751,202,-0.029066,-0.056686,-0.141317,168,0.016739,0.012381,-0.164269,264,,,,,,,,-0.07,0.2,3,0.1,1,1,0,0,0,0,0,0,2,0,"{""breadth_drop_threshold"": -0.07, ""breadth_effective_lag_days"": 1, ""breadth_normal_to_risk_min_days"": 1, ""breadth_panic_ratio"": 0.2, ""breadth_risk_recovery_days"": 3, ""breadth_risk_switch_hurdle_pct"": 0.1, ""name"": ""breadth_dropm0p07_ratio0p2_rec3_h0p1_min1""}",124,,,
breadth_dropm0p07_ratio0p2_rec3_h0p1_min2,candidate,,0.152012,0.359378,-0.107737,152,-0.178799,-0.074633,-0.160351,98,-0.033534,0.088164,-0.088886,154,0.033224,-0.128797,-0.156751,202,-0.029066,-0.056686,-0.141317,168,0.016739,0.012381,-0.164269,264,,,,,,,,-0.07,0.2,3,0.1,2,1,0,0,0,0,0,0,2,0,"{""breadth_drop_threshold"": -0.07, ""breadth_effective_lag_days"": 1, ""breadth_normal_to_risk_min_days"": 2, ""breadth_panic_ratio"": 0.2, ""breadth_risk_recovery_days"": 3, ""breadth_risk_switch_hurdle_pct"": 0.1, ""name"": ""breadth_dropm0p07_ratio0p2_rec3_h0p1_min2""}",125,,,
breadth_dropm0p07_ratio0p3_rec1_h0p05_min1,candidate,,0.152012,0.359378,-0.107737,152,-0.178799,-0.074633,-0.160351,98,-0.033534,0.088164,-0.088886,154,0.033224,-0.128797,-0.156751,202,-0.029066,-0.056686,-0.141317,168,0.016739,0.012381,-0.164269,264,,,,,,,,-0.07,0.3,1,0.05,1,1,0,0,0,0,0,0,2,0,"{""breadth_drop_threshold"": -0.07, ""breadth_effective_lag_days"": 1, ""breadth_normal_to_risk_min_days"": 1, ""breadth_panic_ratio"": 0.3, ""breadth_risk_recovery_days"": 1, ""breadth_risk_switch_hurdle_pct"": 0.05, ""name"": ""breadth_dropm0p07_ratio0p3_rec1_h0p05_min1""}",126,,,
breadth_dropm0p07_ratio0p3_rec1_h0p05_min2,candidate,,0.152012,0.359378,-0.107737,152,-0.178799,-0.074633,-0.160351,98,-0.033534,0.088164,-0.088886,154,0.033224,-0.128797,-0.156751,202,-0.029066,-0.056686,-0.141317,168,0.016739,0.012381,-0.164269,264,,,,,,,,-0.07,0.3,1,0.05,2,1,0,0,0,0,0,0,2,0,"{""breadth_drop_threshold"": -0.07, ""breadth_effective_lag_days"": 1, ""breadth_normal_to_risk_min_days"": 2, ""breadth_panic_ratio"": 0.3, ""breadth_risk_recovery_days"": 1, ""breadth_risk_switch_hurdle_pct"": 0.05, ""name"": ""breadth_dropm0p07_ratio0p3_rec1_h0p05_min2""}",127,,,
breadth_dropm0p07_ratio0p3_rec1_h0p08_min1,candidate,,0.152012,0.359378,-0.107737,152,-0.178799,-0.074633,-0.160351,98,-0.033534,0.088164,-0.088886,154,0.033224,-0.128797,-0.156751,202,-0.029066,-0.056686,-0.141317,168,0.016739,0.012381,-0.164269,264,,,,,,,,-0.07,0.3,1,0.08,1,1,0,0,0,0,0,0,2,0,"{""breadth_drop_threshold"": -0.07, ""breadth_effective_lag_days"": 1, ""breadth_normal_to_risk_min_days"": 1, ""breadth_panic_ratio"": 0.3, ""breadth_risk_recovery_days"": 1, ""breadth_risk_switch_hurdle_pct"": 0.08, ""name"": ""breadth_dropm0p07_ratio0p3_rec1_h0p08_min1""}",128,,,
breadth_dropm0p07_ratio0p3_rec1_h0p08_min2,candidate,,0.152012,0.359378,-0.107737,152,-0.178799,-0.074633,-0.160351,98,-0.033534,0.088164,-0.088886,154,0.033224,-0.128797,-0.156751,202,-0.029066,-0.056686,-0.141317,168,0.016739,0.012381,-0.164269,264,,,,,,,,-0.07,0.3,1,0.08,2,1,0,0,0,0,0,0,2,0,"{""breadth_drop_threshold"": -0.07, ""breadth_effective_lag_days"": 1, ""breadth_normal_to_risk_min_days"": 2, ""breadth_panic_ratio"": 0.3, ""breadth_risk_recovery_days"": 1, ""breadth_risk_switch_hurdle_pct"": 0.08, ""name"": ""breadth_dropm0p07_ratio0p3_rec1_h0p08_min2""}",129,,,
breadth_dropm0p07_ratio0p3_rec1_h0p1_min1,candidate,,0.152012,0.359378,-0.107737,152,-0.178799,-0.074633,-0.160351,98,-0.033534,0.088164,-0.088886,154,0.033224,-0.128797,-0.156751,202,-0.029066,-0.056686,-0.141317,168,0.016739,0.012381,-0.164269,264,,,,,,,,-0.07,0.3,1,0.1,1,1,0,0,0,0,0,0,2,0,"{""breadth_drop_threshold"": -0.07, ""breadth_effective_lag_days"": 1, ""breadth_normal_to_risk_min_days"": 1, ""breadth_panic_ratio"": 0.3, ""breadth_risk_recovery_days"": 1, ""breadth_risk_switch_hurdle_pct"": 0.1, ""name"": ""breadth_dropm0p07_ratio0p3_rec1_h0p1_min1""}",130,,,
breadth_dropm0p07_ratio0p3_rec1_h0p1_min2,candidate,,0.152012,0.359378,-0.107737,152,-0.178799,-0.074633,-0.160351,98,-0.033534,0.088164,-0.088886,154,0.033224,-0.128797,-0.156751,202,-0.029066,-0.056686,-0.141317,168,0.016739,0.012381,-0.164269,264,,,,,,,,-0.07,0.3,1,0.1,2,1,0,0,0,0,0,0,2,0,"{""breadth_drop_threshold"": -0.07, ""breadth_effective_lag_days"": 1, ""breadth_normal_to_risk_min_days"": 2, ""breadth_panic_ratio"": 0.3, ""breadth_risk_recovery_days"": 1, ""breadth_risk_switch_hurdle_pct"": 0.1, ""name"": ""breadth_dropm0p07_ratio0p3_rec1_h0p1_min2""}",131,,,
breadth_dropm0p07_ratio0p3_rec2_h0p05_min1,candidate,,0.152012,0.359378,-0.107737,152,-0.178799,-0.074633,-0.160351,98,-0.033534,0.088164,-0.088886,154,0.033224,-0.128797,-0.156751,202,-0.029066,-0.056686,-0.141317,168,0.016739,0.012381,-0.164269,264,,,,,,,,-0.07,0.3,2,0.05,1,1,0,0,0,0,0,0,2,0,"{""breadth_drop_threshold"": -0.07, ""breadth_effective_lag_days"": 1, ""breadth_normal_to_risk_min_days"": 1, ""breadth_panic_ratio"": 0.3, ""breadth_risk_recovery_days"": 2, ""breadth_risk_switch_hurdle_pct"": 0.05, ""name"": ""breadth_dropm0p07_ratio0p3_rec2_h0p05_min1""}",132,,,
breadth_dropm0p07_ratio0p3_rec2_h0p05_min2,candidate,,0.152012,0.359378,-0.107737,152,-0.178799,-0.074633,-0.160351,98,-0.033534,0.088164,-0.088886,154,0.033224,-0.128797,-0.156751,202,-0.029066,-0.056686,-0.141317,168,0.016739,0.012381,-0.164269,264,,,,,,,,-0.07,0.3,2,0.05,2,1,0,0,0,0,0,0,2,0,"{""breadth_drop_threshold"": -0.07, ""breadth_effective_lag_days"": 1, ""breadth_normal_to_risk_min_days"": 2, ""breadth_panic_ratio"": 0.3, ""breadth_risk_recovery_days"": 2, ""breadth_risk_switch_hurdle_pct"": 0.05, ""name"": ""breadth_dropm0p07_ratio0p3_rec2_h0p05_min2""}",133,,,
breadth_dropm0p07_ratio0p3_rec2_h0p08_min1,candidate,,0.152012,0.359378,-0.107737,152,-0.178799,-0.074633,-0.160351,98,-0.033534,0.088164,-0.088886,154,0.033224,-0.128797,-0.156751,202,-0.029066,-0.056686,-0.141317,168,0.016739,0.012381,-0.164269,264,,,,,,,,-0.07,0.3,2,0.08,1,1,0,0,0,0,0,0,2,0,"{""breadth_drop_threshold"": -0.07, ""breadth_effective_lag_days"": 1, ""breadth_normal_to_risk_min_days"": 1, ""breadth_panic_ratio"": 0.3, ""breadth_risk_recovery_days"": 2, ""breadth_risk_switch_hurdle_pct"": 0.08, ""name"": ""breadth_dropm0p07_ratio0p3_rec2_h0p08_min1""}",134,,,
breadth_dropm0p07_ratio0p3_rec2_h0p08_min2,candidate,,0.152012,0.359378,-0.107737,152,-0.178799,-0.074633,-0.160351,98,-0.033534,0.088164,-0.088886,154,0.033224,-0.128797,-0.156751,202,-0.029066,-0.056686,-0.141317,168,0.016739,0.012381,-0.164269,264,,,,,,,,-0.07,0.3,2,0.08,2,1,0,0,0,0,0,0,2,0,"{""breadth_drop_threshold"": -0.07, ""breadth_effective_lag_days"": 1, ""breadth_normal_to_risk_min_days"": 2, ""breadth_panic_ratio"": 0.3, ""breadth_risk_recovery_days"": 2, ""breadth_risk_switch_hurdle_pct"": 0.08, ""name"": ""breadth_dropm0p07_ratio0p3_rec2_h0p08_min2""}",135,,,
breadth_dropm0p07_ratio0p3_rec2_h0p1_min1,candidate,,0.152012,0.359378,-0.107737,152,-0.178799,-0.074633,-0.160351,98,-0.033534,0.088164,-0.088886,154,0.033224,-0.128797,-0.156751,202,-0.029066,-0.056686,-0.141317,168,0.016739,0.012381,-0.164269,264,,,,,,,,-0.07,0.3,2,0.1,1,1,0,0,0,0,0,0,2,0,"{""breadth_drop_threshold"": -0.07, ""breadth_effective_lag_days"": 1, ""breadth_normal_to_risk_min_days"": 1, ""breadth_panic_ratio"": 0.3, ""breadth_risk_recovery_days"": 2, ""breadth_risk_switch_hurdle_pct"": 0.1, ""name"": ""breadth_dropm0p07_ratio0p3_rec2_h0p1_min1""}",136,,,
breadth_dropm0p07_ratio0p3_rec2_h0p1_min2,candidate,,0.152012,0.359378,-0.107737,152,-0.178799,-0.074633,-0.160351,98,-0.033534,0.088164,-0.088886,154,0.033224,-0.128797,-0.156751,202,-0.029066,-0.056686,-0.141317,168,0.016739,0.012381,-0.164269,264,,,,,,,,-0.07,0.3,2,0.1,2,1,0,0,0,0,0,0,2,0,"{""breadth_drop_threshold"": -0.07, ""breadth_effective_lag_days"": 1, ""breadth_normal_to_risk_min_days"": 2, ""breadth_panic_ratio"": 0.3, ""breadth_risk_recovery_days"": 2, ""breadth_risk_switch_hurdle_pct"": 0.1, ""name"": ""breadth_dropm0p07_ratio0p3_rec2_h0p1_min2""}",137,,,
breadth_dropm0p07_ratio0p3_rec3_h0p05_min1,candidate,,0.152012,0.359378,-0.107737,152,-0.178799,-0.074633,-0.160351,98,-0.033534,0.088164,-0.088886,154,0.033224,-0.128797,-0.156751,202,-0.029066,-0.056686,-0.141317,168,0.016739,0.012381,-0.164269,264,,,,,,,,-0.07,0.3,3,0.05,1,1,0,0,0,0,0,0,2,0,"{""breadth_drop_threshold"": -0.07, ""breadth_effective_lag_days"": 1, ""breadth_normal_to_risk_min_days"": 1, ""breadth_panic_ratio"": 0.3, ""breadth_risk_recovery_days"": 3, ""breadth_risk_switch_hurdle_pct"": 0.05, ""name"": ""breadth_dropm0p07_ratio0p3_rec3_h0p05_min1""}",138,,,
breadth_dropm0p07_ratio0p3_rec3_h0p05_min2,candidate,,0.152012,0.359378,-0.107737,152,-0.178799,-0.074633,-0.160351,98,-0.033534,0.088164,-0.088886,154,0.033224,-0.128797,-0.156751,202,-0.029066,-0.056686,-0.141317,168,0.016739,0.012381,-0.164269,264,,,,,,,,-0.07,0.3,3,0.05,2,1,0,0,0,0,0,0,2,0,"{""breadth_drop_threshold"": -0.07, ""breadth_effective_lag_days"": 1, ""breadth_normal_to_risk_min_days"": 2, ""breadth_panic_ratio"": 0.3, ""breadth_risk_recovery_days"": 3, ""breadth_risk_switch_hurdle_pct"": 0.05, ""name"": ""breadth_dropm0p07_ratio0p3_rec3_h0p05_min2""}",139,,,
breadth_dropm0p07_ratio0p3_rec3_h0p08_min1,candidate,,0.152012,0.359378,-0.107737,152,-0.178799,-0.074633,-0.160351,98,-0.033534,0.088164,-0.088886,154,0.033224,-0.128797,-0.156751,202,-0.029066,-0.056686,-0.141317,168,0.016739,0.012381,-0.164269,264,,,,,,,,-0.07,0.3,3,0.08,1,1,0,0,0,0,0,0,2,0,"{""breadth_drop_threshold"": -0.07, ""breadth_effective_lag_days"": 1, ""breadth_normal_to_risk_min_days"": 1, ""breadth_panic_ratio"": 0.3, ""breadth_risk_recovery_days"": 3, ""breadth_risk_switch_hurdle_pct"": 0.08, ""name"": ""breadth_dropm0p07_ratio0p3_rec3_h0p08_min1""}",140,,,
breadth_dropm0p07_ratio0p3_rec3_h0p08_min2,candidate,,0.152012,0.359378,-0.107737,152,-0.178799,-0.074633,-0.160351,98,-0.033534,0.088164,-0.088886,154,0.033224,-0.128797,-0.156751,202,-0.029066,-0.056686,-0.141317,168,0.016739,0.012381,-0.164269,264,,,,,,,,-0.07,0.3,3,0.08,2,1,0,0,0,0,0,0,2,0,"{""breadth_drop_threshold"": -0.07, ""breadth_effective_lag_days"": 1, ""breadth_normal_to_risk_min_days"": 2, ""breadth_panic_ratio"": 0.3, ""breadth_risk_recovery_days"": 3, ""breadth_risk_switch_hurdle_pct"": 0.08, ""name"": ""breadth_dropm0p07_ratio0p3_rec3_h0p08_min2""}",141,,,
breadth_dropm0p07_ratio0p3_rec3_h0p1_min1,candidate,,0.152012,0.359378,-0.107737,152,-0.178799,-0.074633,-0.160351,98,-0.033534,0.088164,-0.088886,154,0.033224,-0.128797,-0.156751,202,-0.029066,-0.056686,-0.141317,168,0.016739,0.012381,-0.164269,264,,,,,,,,-0.07,0.3,3,0.1,1,1,0,0,0,0,0,0,2,0,"{""breadth_drop_threshold"": -0.07, ""breadth_effective_lag_days"": 1, ""breadth_normal_to_risk_min_days"": 1, ""breadth_panic_ratio"": 0.3, ""breadth_risk_recovery_days"": 3, ""breadth_risk_switch_hurdle_pct"": 0.1, ""name"": ""breadth_dropm0p07_ratio0p3_rec3_h0p1_min1""}",142,,,
breadth_dropm0p07_ratio0p3_rec3_h0p1_min2,candidate,,0.152012,0.359378,-0.107737,152,-0.178799,-0.074633,-0.160351,98,-0.033534,0.088164,-0.088886,154,0.033224,-0.128797,-0.156751,202,-0.029066,-0.056686,-0.141317,168,0.016739,0.012381,-0.164269,264,,,,,,,,-0.07,0.3,3,0.1,2,1,0,0,0,0,0,0,2,0,"{""breadth_drop_threshold"": -0.07, ""breadth_effective_lag_days"": 1, ""breadth_normal_to_risk_min_days"": 2, ""breadth_panic_ratio"": 0.3, ""breadth_risk_recovery_days"": 3, ""breadth_risk_switch_hurdle_pct"": 0.1, ""name"": ""breadth_dropm0p07_ratio0p3_rec3_h0p1_min2""}",143,,,
breadth_dropm0p07_ratio0p4_rec1_h0p05_min1,candidate,,0.152012,0.359378,-0.107737,152,-0.178799,-0.074633,-0.160351,98,-0.033534,0.088164,-0.088886,154,0.033224,-0.128797,-0.156751,202,-0.029066,-0.056686,-0.141317,168,0.016739,0.012381,-0.164269,264,,,,,,,,-0.07,0.4,1,0.05,1,1,0,0,0,0,0,0,2,0,"{""breadth_drop_threshold"": -0.07, ""breadth_effective_lag_days"": 1, ""breadth_normal_to_risk_min_days"": 1, ""breadth_panic_ratio"": 0.4, ""breadth_risk_recovery_days"": 1, ""breadth_risk_switch_hurdle_pct"": 0.05, ""name"": ""breadth_dropm0p07_ratio0p4_rec1_h0p05_min1""}",144,,,
breadth_dropm0p07_ratio0p4_rec1_h0p05_min2,candidate,,0.152012,0.359378,-0.107737,152,-0.178799,-0.074633,-0.160351,98,-0.033534,0.088164,-0.088886,154,0.033224,-0.128797,-0.156751,202,-0.029066,-0.056686,-0.141317,168,0.016739,0.012381,-0.164269,264,,,,,,,,-0.07,0.4,1,0.05,2,1,0,0,0,0,0,0,2,0,"{""breadth_drop_threshold"": -0.07, ""breadth_effective_lag_days"": 1, ""breadth_normal_to_risk_min_days"": 2, ""breadth_panic_ratio"": 0.4, ""breadth_risk_recovery_days"": 1, ""breadth_risk_switch_hurdle_pct"": 0.05, ""name"": ""breadth_dropm0p07_ratio0p4_rec1_h0p05_min2""}",145,,,
breadth_dropm0p07_ratio0p4_rec1_h0p08_min1,candidate,,0.152012,0.359378,-0.107737,152,-0.178799,-0.074633,-0.160351,98,-0.033534,0.088164,-0.088886,154,0.033224,-0.128797,-0.156751,202,-0.029066,-0.056686,-0.141317,168,0.016739,0.012381,-0.164269,264,,,,,,,,-0.07,0.4,1,0.08,1,1,0,0,0,0,0,0,2,0,"{""breadth_drop_threshold"": -0.07, ""breadth_effective_lag_days"": 1, ""breadth_normal_to_risk_min_days"": 1, ""breadth_panic_ratio"": 0.4, ""breadth_risk_recovery_days"": 1, ""breadth_risk_switch_hurdle_pct"": 0.08, ""name"": ""breadth_dropm0p07_ratio0p4_rec1_h0p08_min1""}",146,,,
breadth_dropm0p07_ratio0p4_rec1_h0p08_min2,candidate,,0.152012,0.359378,-0.107737,152,-0.178799,-0.074633,-0.160351,98,-0.033534,0.088164,-0.088886,154,0.033224,-0.128797,-0.156751,202,-0.029066,-0.056686,-0.141317,168,0.016739,0.012381,-0.164269,264,,,,,,,,-0.07,0.4,1,0.08,2,1,0,0,0,0,0,0,2,0,"{""breadth_drop_threshold"": -0.07, ""breadth_effective_lag_days"": 1, ""breadth_normal_to_risk_min_days"": 2, ""breadth_panic_ratio"": 0.4, ""breadth_risk_recovery_days"": 1, ""breadth_risk_switch_hurdle_pct"": 0.08, ""name"": ""breadth_dropm0p07_ratio0p4_rec1_h0p08_min2""}",147,,,
breadth_dropm0p07_ratio0p4_rec1_h0p1_min1,candidate,,0.152012,0.359378,-0.107737,152,-0.178799,-0.074633,-0.160351,98,-0.033534,0.088164,-0.088886,154,0.033224,-0.128797,-0.156751,202,-0.029066,-0.056686,-0.141317,168,0.016739,0.012381,-0.164269,264,,,,,,,,-0.07,0.4,1,0.1,1,1,0,0,0,0,0,0,2,0,"{""breadth_drop_threshold"": -0.07, ""breadth_effective_lag_days"": 1, ""breadth_normal_to_risk_min_days"": 1, ""breadth_panic_ratio"": 0.4, ""breadth_risk_recovery_days"": 1, ""breadth_risk_switch_hurdle_pct"": 0.1, ""name"": ""breadth_dropm0p07_ratio0p4_rec1_h0p1_min1""}",148,,,
breadth_dropm0p07_ratio0p4_rec1_h0p1_min2,candidate,,0.152012,0.359378,-0.107737,152,-0.178799,-0.074633,-0.160351,98,-0.033534,0.088164,-0.088886,154,0.033224,-0.128797,-0.156751,202,-0.029066,-0.056686,-0.141317,168,0.016739,0.012381,-0.164269,264,,,,,,,,-0.07,0.4,1,0.1,2,1,0,0,0,0,0,0,2,0,"{""breadth_drop_threshold"": -0.07, ""breadth_effective_lag_days"": 1, ""breadth_normal_to_risk_min_days"": 2, ""breadth_panic_ratio"": 0.4, ""breadth_risk_recovery_days"": 1, ""breadth_risk_switch_hurdle_pct"": 0.1, ""name"": ""breadth_dropm0p07_ratio0p4_rec1_h0p1_min2""}",149,,,
breadth_dropm0p07_ratio0p4_rec2_h0p05_min1,candidate,,0.152012,0.359378,-0.107737,152,-0.178799,-0.074633,-0.160351,98,-0.033534,0.088164,-0.088886,154,0.033224,-0.128797,-0.156751,202,-0.029066,-0.056686,-0.141317,168,0.016739,0.012381,-0.164269,264,,,,,,,,-0.07,0.4,2,0.05,1,1,0,0,0,0,0,0,2,0,"{""breadth_drop_threshold"": -0.07, ""breadth_effective_lag_days"": 1, ""breadth_normal_to_risk_min_days"": 1, ""breadth_panic_ratio"": 0.4, ""breadth_risk_recovery_days"": 2, ""breadth_risk_switch_hurdle_pct"": 0.05, ""name"": ""breadth_dropm0p07_ratio0p4_rec2_h0p05_min1""}",150,,,
breadth_dropm0p07_ratio0p4_rec2_h0p05_min2,candidate,,0.152012,0.359378,-0.107737,152,-0.178799,-0.074633,-0.160351,98,-0.033534,0.088164,-0.088886,154,0.033224,-0.128797,-0.156751,202,-0.029066,-0.056686,-0.141317,168,0.016739,0.012381,-0.164269,264,,,,,,,,-0.07,0.4,2,0.05,2,1,0,0,0,0,0,0,2,0,"{""breadth_drop_threshold"": -0.07, ""breadth_effective_lag_days"": 1, ""breadth_normal_to_risk_min_days"": 2, ""breadth_panic_ratio"": 0.4, ""breadth_risk_recovery_days"": 2, ""breadth_risk_switch_hurdle_pct"": 0.05, ""name"": ""breadth_dropm0p07_ratio0p4_rec2_h0p05_min2""}",151,,,
breadth_dropm0p07_ratio0p4_rec2_h0p08_min1,candidate,,0.152012,0.359378,-0.107737,152,-0.178799,-0.074633,-0.160351,98,-0.033534,0.088164,-0.088886,154,0.033224,-0.128797,-0.156751,202,-0.029066,-0.056686,-0.141317,168,0.016739,0.012381,-0.164269,264,,,,,,,,-0.07,0.4,2,0.08,1,1,0,0,0,0,0,0,2,0,"{""breadth_drop_threshold"": -0.07, ""breadth_effective_lag_days"": 1, ""breadth_normal_to_risk_min_days"": 1, ""breadth_panic_ratio"": 0.4, ""breadth_risk_recovery_days"": 2, ""breadth_risk_switch_hurdle_pct"": 0.08, ""name"": ""breadth_dropm0p07_ratio0p4_rec2_h0p08_min1""}",152,,,
breadth_dropm0p07_ratio0p4_rec2_h0p08_min2,candidate,,0.152012,0.359378,-0.107737,152,-0.178799,-0.074633,-0.160351,98,-0.033534,0.088164,-0.088886,154,0.033224,-0.128797,-0.156751,202,-0.029066,-0.056686,-0.141317,168,0.016739,0.012381,-0.164269,264,,,,,,,,-0.07,0.4,2,0.08,2,1,0,0,0,0,0,0,2,0,"{""breadth_drop_threshold"": -0.07, ""breadth_effective_lag_days"": 1, ""breadth_normal_to_risk_min_days"": 2, ""breadth_panic_ratio"": 0.4, ""breadth_risk_recovery_days"": 2, ""breadth_risk_switch_hurdle_pct"": 0.08, ""name"": ""breadth_dropm0p07_ratio0p4_rec2_h0p08_min2""}",153,,,
breadth_dropm0p07_ratio0p4_rec2_h0p1_min1,candidate,,0.152012,0.359378,-0.107737,152,-0.178799,-0.074633,-0.160351,98,-0.033534,0.088164,-0.088886,154,0.033224,-0.128797,-0.156751,202,-0.029066,-0.056686,-0.141317,168,0.016739,0.012381,-0.164269,264,,,,,,,,-0.07,0.4,2,0.1,1,1,0,0,0,0,0,0,2,0,"{""breadth_drop_threshold"": -0.07, ""breadth_effective_lag_days"": 1, ""breadth_normal_to_risk_min_days"": 1, ""breadth_panic_ratio"": 0.4, ""breadth_risk_recovery_days"": 2, ""breadth_risk_switch_hurdle_pct"": 0.1, ""name"": ""breadth_dropm0p07_ratio0p4_rec2_h0p1_min1""}",154,,,
breadth_dropm0p07_ratio0p4_rec2_h0p1_min2,candidate,,0.152012,0.359378,-0.107737,152,-0.178799,-0.074633,-0.160351,98,-0.033534,0.088164,-0.088886,154,0.033224,-0.128797,-0.156751,202,-0.029066,-0.056686,-0.141317,168,0.016739,0.012381,-0.164269,264,,,,,,,,-0.07,0.4,2,0.1,2,1,0,0,0,0,0,0,2,0,"{""breadth_drop_threshold"": -0.07, ""breadth_effective_lag_days"": 1, ""breadth_normal_to_risk_min_days"": 2, ""breadth_panic_ratio"": 0.4, ""breadth_risk_recovery_days"": 2, ""breadth_risk_switch_hurdle_pct"": 0.1, ""name"": ""breadth_dropm0p07_ratio0p4_rec2_h0p1_min2""}",155,,,
breadth_dropm0p07_ratio0p4_rec3_h0p05_min1,candidate,,0.152012,0.359378,-0.107737,152,-0.178799,-0.074633,-0.160351,98,-0.033534,0.088164,-0.088886,154,0.033224,-0.128797,-0.156751,202,-0.029066,-0.056686,-0.141317,168,0.016739,0.012381,-0.164269,264,,,,,,,,-0.07,0.4,3,0.05,1,1,0,0,0,0,0,0,2,0,"{""breadth_drop_threshold"": -0.07, ""breadth_effective_lag_days"": 1, ""breadth_normal_to_risk_min_days"": 1, ""breadth_panic_ratio"": 0.4, ""breadth_risk_recovery_days"": 3, ""breadth_risk_switch_hurdle_pct"": 0.05, ""name"": ""breadth_dropm0p07_ratio0p4_rec3_h0p05_min1""}",156,,,
breadth_dropm0p07_ratio0p4_rec3_h0p05_min2,candidate,,0.152012,0.359378,-0.107737,152,-0.178799,-0.074633,-0.160351,98,-0.033534,0.088164,-0.088886,154,0.033224,-0.128797,-0.156751,202,-0.029066,-0.056686,-0.141317,168,0.016739,0.012381,-0.164269,264,,,,,,,,-0.07,0.4,3,0.05,2,1,0,0,0,0,0,0,2,0,"{""breadth_drop_threshold"": -0.07, ""breadth_effective_lag_days"": 1, ""breadth_normal_to_risk_min_days"": 2, ""breadth_panic_ratio"": 0.4, ""breadth_risk_recovery_days"": 3, ""breadth_risk_switch_hurdle_pct"": 0.05, ""name"": ""breadth_dropm0p07_ratio0p4_rec3_h0p05_min2""}",157,,,
breadth_dropm0p07_ratio0p4_rec3_h0p08_min1,candidate,,0.152012,0.359378,-0.107737,152,-0.178799,-0.074633,-0.160351,98,-0.033534,0.088164,-0.088886,154,0.033224,-0.128797,-0.156751,202,-0.029066,-0.056686,-0.141317,168,0.016739,0.012381,-0.164269,264,,,,,,,,-0.07,0.4,3,0.08,1,1,0,0,0,0,0,0,2,0,"{""breadth_drop_threshold"": -0.07, ""breadth_effective_lag_days"": 1, ""breadth_normal_to_risk_min_days"": 1, ""breadth_panic_ratio"": 0.4, ""breadth_risk_recovery_days"": 3, ""breadth_risk_switch_hurdle_pct"": 0.08, ""name"": ""breadth_dropm0p07_ratio0p4_rec3_h0p08_min1""}",158,,,
breadth_dropm0p07_ratio0p4_rec3_h0p08_min2,candidate,,0.152012,0.359378,-0.107737,152,-0.178799,-0.074633,-0.160351,98,-0.033534,0.088164,-0.088886,154,0.033224,-0.128797,-0.156751,202,-0.029066,-0.056686,-0.141317,168,0.016739,0.012381,-0.164269,264,,,,,,,,-0.07,0.4,3,0.08,2,1,0,0,0,0,0,0,2,0,"{""breadth_drop_threshold"": -0.07, ""breadth_effective_lag_days"": 1, ""breadth_normal_to_risk_min_days"": 2, ""breadth_panic_ratio"": 0.4, ""breadth_risk_recovery_days"": 3, ""breadth_risk_switch_hurdle_pct"": 0.08, ""name"": ""breadth_dropm0p07_ratio0p4_rec3_h0p08_min2""}",159,,,
breadth_dropm0p07_ratio0p4_rec3_h0p1_min1,candidate,,0.152012,0.359378,-0.107737,152,-0.178799,-0.074633,-0.160351,98,-0.033534,0.088164,-0.088886,154,0.033224,-0.128797,-0.156751,202,-0.029066,-0.056686,-0.141317,168,0.016739,0.012381,-0.164269,264,,,,,,,,-0.07,0.4,3,0.1,1,1,0,0,0,0,0,0,2,0,"{""breadth_drop_threshold"": -0.07, ""breadth_effective_lag_days"": 1, ""breadth_normal_to_risk_min_days"": 1, ""breadth_panic_ratio"": 0.4, ""breadth_risk_recovery_days"": 3, ""breadth_risk_switch_hurdle_pct"": 0.1, ""name"": ""breadth_dropm0p07_ratio0p4_rec3_h0p1_min1""}",160,,,
breadth_dropm0p07_ratio0p4_rec3_h0p1_min2,candidate,,0.152012,0.359378,-0.107737,152,-0.178799,-0.074633,-0.160351,98,-0.033534,0.088164,-0.088886,154,0.033224,-0.128797,-0.156751,202,-0.029066,-0.056686,-0.141317,168,0.016739,0.012381,-0.164269,264,,,,,,,,-0.07,0.4,3,0.1,2,1,0,0,0,0,0,0,2,0,"{""breadth_drop_threshold"": -0.07, ""breadth_effective_lag_days"": 1, ""breadth_normal_to_risk_min_days"": 2, ""breadth_panic_ratio"": 0.4, ""breadth_risk_recovery_days"": 3, ""breadth_risk_switch_hurdle_pct"": 0.1, ""name"": ""breadth_dropm0p07_ratio0p4_rec3_h0p1_min2""}",161,,,
cv_selected_top1,cv_summary,,,,,,,,,,,,,,,,,,,,,,,,,,,,,,,,,,,,,,,,,,,,,,,,,3,6,0
