name,description,period,start,end,position_scale_config_json,params_json,total_return,excess_return,max_drawdown,win_rate,total_trades,n_days,score
baseline_no_position_scale,当前主策略，不调整候选排序和买入金额,2019,20190101,20191231,"{""description"": ""\u5f53\u524d\u4e3b\u7b56\u7565\uff0c\u4e0d\u8c03\u6574\u5019\u9009\u6392\u5e8f\u548c\u4e70\u5165\u91d1\u989d"", ""mode"": ""none"", ""name"": ""baseline_no_position_scale""}","{""candidate_position_scale_enabled"": 0.0, ""cost_model_enabled"": 1.0, ""holding_cost_pct"": 0.0, ""market_impact_cap_pct"": 0.02, ""market_impact_coeff"": 0.001, ""max_hold_days"": 180.0, ""min_gap_pct"": 0.0, ""sell_gap_pct"": 0.0, ""slippage_pct"": 0.0015, ""stop_gap_ratio_floor"": 0.3, ""stop_signal_threshold"": 999.0, ""switch_hurdle_pct"": 0.03}",0.379211,0.171845,-0.107991,0.5854,164,244,0.144847
baseline_no_position_scale,当前主策略，不调整候选排序和买入金额,2020,20200101,20201231,"{""description"": ""\u5f53\u524d\u4e3b\u7b56\u7565\uff0c\u4e0d\u8c03\u6574\u5019\u9009\u6392\u5e8f\u548c\u4e70\u5165\u91d1\u989d"", ""mode"": ""none"", ""name"": ""baseline_no_position_scale""}","{""candidate_position_scale_enabled"": 0.0, ""cost_model_enabled"": 1.0, ""holding_cost_pct"": 0.0, ""market_impact_cap_pct"": 0.02, ""market_impact_coeff"": 0.001, ""max_hold_days"": 180.0, ""min_gap_pct"": 0.0, ""sell_gap_pct"": 0.0, ""slippage_pct"": 0.0015, ""stop_gap_ratio_floor"": 0.3, ""stop_signal_threshold"": 999.0, ""switch_hurdle_pct"": 0.03}",-0.090593,-0.19476,-0.179066,0.2933,75,243,-0.239526
baseline_no_position_scale,当前主策略，不调整候选排序和买入金额,2021,20210101,20211231,"{""description"": ""\u5f53\u524d\u4e3b\u7b56\u7565\uff0c\u4e0d\u8c03\u6574\u5019\u9009\u6392\u5e8f\u548c\u4e70\u5165\u91d1\u989d"", ""mode"": ""none"", ""name"": ""baseline_no_position_scale""}","{""candidate_position_scale_enabled"": 0.0, ""cost_model_enabled"": 1.0, ""holding_cost_pct"": 0.0, ""market_impact_cap_pct"": 0.02, ""market_impact_coeff"": 0.001, ""max_hold_days"": 180.0, ""min_gap_pct"": 0.0, ""sell_gap_pct"": 0.0, ""slippage_pct"": 0.0015, ""stop_gap_ratio_floor"": 0.3, ""stop_signal_threshold"": 999.0, ""switch_hurdle_pct"": 0.03}",0.06207,-0.059628,-0.092588,0.5583,120,243,-0.082775
baseline_no_position_scale,当前主策略，不调整候选排序和买入金额,2022,20220101,20221231,"{""description"": ""\u5f53\u524d\u4e3b\u7b56\u7565\uff0c\u4e0d\u8c03\u6574\u5019\u9009\u6392\u5e8f\u548c\u4e70\u5165\u91d1\u989d"", ""mode"": ""none"", ""name"": ""baseline_no_position_scale""}","{""candidate_position_scale_enabled"": 0.0, ""cost_model_enabled"": 1.0, ""holding_cost_pct"": 0.0, ""market_impact_cap_pct"": 0.02, ""market_impact_coeff"": 0.001, ""max_hold_days"": 180.0, ""min_gap_pct"": 0.0, ""sell_gap_pct"": 0.0, ""slippage_pct"": 0.0015, ""stop_gap_ratio_floor"": 0.3, ""stop_signal_threshold"": 999.0, ""switch_hurdle_pct"": 0.03}",-0.154715,0.007306,-0.182667,0.3235,170,242,-0.038361
baseline_no_position_scale,当前主策略，不调整候选排序和买入金额,2023,20230101,20231231,"{""description"": ""\u5f53\u524d\u4e3b\u7b56\u7565\uff0c\u4e0d\u8c03\u6574\u5019\u9009\u6392\u5e8f\u548c\u4e70\u5165\u91d1\u989d"", ""mode"": ""none"", ""name"": ""baseline_no_position_scale""}","{""candidate_position_scale_enabled"": 0.0, ""cost_model_enabled"": 1.0, ""holding_cost_pct"": 0.0, ""market_impact_cap_pct"": 0.02, ""market_impact_coeff"": 0.001, ""max_hold_days"": 180.0, ""min_gap_pct"": 0.0, ""sell_gap_pct"": 0.0, ""slippage_pct"": 0.0015, ""stop_gap_ratio_floor"": 0.3, ""stop_signal_threshold"": 999.0, ""switch_hurdle_pct"": 0.03}",-0.060919,-0.033299,-0.143572,0.354,161,242,-0.069192
baseline_no_position_scale,当前主策略，不调整候选排序和买入金额,2024,20240101,20241231,"{""description"": ""\u5f53\u524d\u4e3b\u7b56\u7565\uff0c\u4e0d\u8c03\u6574\u5019\u9009\u6392\u5e8f\u548c\u4e70\u5165\u91d1\u989d"", ""mode"": ""none"", ""name"": ""baseline_no_position_scale""}","{""candidate_position_scale_enabled"": 0.0, ""cost_model_enabled"": 1.0, ""holding_cost_pct"": 0.0, ""market_impact_cap_pct"": 0.02, ""market_impact_coeff"": 0.001, ""max_hold_days"": 180.0, ""min_gap_pct"": 0.0, ""sell_gap_pct"": 0.0, ""slippage_pct"": 0.0015, ""stop_gap_ratio_floor"": 0.3, ""stop_signal_threshold"": 999.0, ""switch_hurdle_pct"": 0.03}",-0.010761,-0.006403,-0.176414,0.4542,251,242,-0.050506
ratio_1p5_scale_0p75,期权型低估且价格/债底 > 1.5 时，买入金额和排序金额乘以 0.75,2019,20190101,20191231,"{""description"": ""\u671f\u6743\u578b\u4f4e\u4f30\u4e14\u4ef7\u683c/\u503a\u5e95 > 1.5 \u65f6\uff0c\u4e70\u5165\u91d1\u989d\u548c\u6392\u5e8f\u91d1\u989d\u4e58\u4ee5 0.75"", ""mode"": ""ratio"", ""name"": ""ratio_1p5_scale_0p75"", ""position_scale"": 0.75, ""ratio_threshold"": 1.5}","{""candidate_position_scale_enabled"": 1.0, ""cost_model_enabled"": 1.0, ""holding_cost_pct"": 0.0, ""market_impact_cap_pct"": 0.02, ""market_impact_coeff"": 0.001, ""max_hold_days"": 180.0, ""min_gap_pct"": 0.0, ""sell_gap_pct"": 0.0, ""slippage_pct"": 0.0015, ""stop_gap_ratio_floor"": 0.3, ""stop_signal_threshold"": 999.0, ""switch_hurdle_pct"": 0.03}",0.317786,0.11042,-0.109003,0.6275,153,244,0.083169
ratio_1p5_scale_0p75,期权型低估且价格/债底 > 1.5 时，买入金额和排序金额乘以 0.75,2020,20200101,20201231,"{""description"": ""\u671f\u6743\u578b\u4f4e\u4f30\u4e14\u4ef7\u683c/\u503a\u5e95 > 1.5 \u65f6\uff0c\u4e70\u5165\u91d1\u989d\u548c\u6392\u5e8f\u91d1\u989d\u4e58\u4ee5 0.75"", ""mode"": ""ratio"", ""name"": ""ratio_1p5_scale_0p75"", ""position_scale"": 0.75, ""ratio_threshold"": 1.5}","{""candidate_position_scale_enabled"": 1.0, ""cost_model_enabled"": 1.0, ""holding_cost_pct"": 0.0, ""market_impact_cap_pct"": 0.02, ""market_impact_coeff"": 0.001, ""max_hold_days"": 180.0, ""min_gap_pct"": 0.0, ""sell_gap_pct"": 0.0, ""slippage_pct"": 0.0015, ""stop_gap_ratio_floor"": 0.3, ""stop_signal_threshold"": 999.0, ""switch_hurdle_pct"": 0.03}",-0.125191,-0.229358,-0.200393,0.3261,92,243,-0.279456
ratio_1p5_scale_0p75,期权型低估且价格/债底 > 1.5 时，买入金额和排序金额乘以 0.75,2021,20210101,20211231,"{""description"": ""\u671f\u6743\u578b\u4f4e\u4f30\u4e14\u4ef7\u683c/\u503a\u5e95 > 1.5 \u65f6\uff0c\u4e70\u5165\u91d1\u989d\u548c\u6392\u5e8f\u91d1\u989d\u4e58\u4ee5 0.75"", ""mode"": ""ratio"", ""name"": ""ratio_1p5_scale_0p75"", ""position_scale"": 0.75, ""ratio_threshold"": 1.5}","{""candidate_position_scale_enabled"": 1.0, ""cost_model_enabled"": 1.0, ""holding_cost_pct"": 0.0, ""market_impact_cap_pct"": 0.02, ""market_impact_coeff"": 0.001, ""max_hold_days"": 180.0, ""min_gap_pct"": 0.0, ""sell_gap_pct"": 0.0, ""slippage_pct"": 0.0015, ""stop_gap_ratio_floor"": 0.3, ""stop_signal_threshold"": 999.0, ""switch_hurdle_pct"": 0.03}",0.10644,-0.015258,-0.084282,0.5973,149,243,-0.036328
ratio_1p5_scale_0p75,期权型低估且价格/债底 > 1.5 时，买入金额和排序金额乘以 0.75,2022,20220101,20221231,"{""description"": ""\u671f\u6743\u578b\u4f4e\u4f30\u4e14\u4ef7\u683c/\u503a\u5e95 > 1.5 \u65f6\uff0c\u4e70\u5165\u91d1\u989d\u548c\u6392\u5e8f\u91d1\u989d\u4e58\u4ee5 0.75"", ""mode"": ""ratio"", ""name"": ""ratio_1p5_scale_0p75"", ""position_scale"": 0.75, ""ratio_threshold"": 1.5}","{""candidate_position_scale_enabled"": 1.0, ""cost_model_enabled"": 1.0, ""holding_cost_pct"": 0.0, ""market_impact_cap_pct"": 0.02, ""market_impact_coeff"": 0.001, ""max_hold_days"": 180.0, ""min_gap_pct"": 0.0, ""sell_gap_pct"": 0.0, ""slippage_pct"": 0.0015, ""stop_gap_ratio_floor"": 0.3, ""stop_signal_threshold"": 999.0, ""switch_hurdle_pct"": 0.03}",-0.128084,0.033937,-0.168478,0.3559,177,242,-0.008182
ratio_1p5_scale_0p75,期权型低估且价格/债底 > 1.5 时，买入金额和排序金额乘以 0.75,2023,20230101,20231231,"{""description"": ""\u671f\u6743\u578b\u4f4e\u4f30\u4e14\u4ef7\u683c/\u503a\u5e95 > 1.5 \u65f6\uff0c\u4e70\u5165\u91d1\u989d\u548c\u6392\u5e8f\u91d1\u989d\u4e58\u4ee5 0.75"", ""mode"": ""ratio"", ""name"": ""ratio_1p5_scale_0p75"", ""position_scale"": 0.75, ""ratio_threshold"": 1.5}","{""candidate_position_scale_enabled"": 1.0, ""cost_model_enabled"": 1.0, ""holding_cost_pct"": 0.0, ""market_impact_cap_pct"": 0.02, ""market_impact_coeff"": 0.001, ""max_hold_days"": 180.0, ""min_gap_pct"": 0.0, ""sell_gap_pct"": 0.0, ""slippage_pct"": 0.0015, ""stop_gap_ratio_floor"": 0.3, ""stop_signal_threshold"": 999.0, ""switch_hurdle_pct"": 0.03}",-0.064406,-0.036786,-0.131059,0.3669,169,242,-0.069551
ratio_1p5_scale_0p75,期权型低估且价格/债底 > 1.5 时，买入金额和排序金额乘以 0.75,2024,20240101,20241231,"{""description"": ""\u671f\u6743\u578b\u4f4e\u4f30\u4e14\u4ef7\u683c/\u503a\u5e95 > 1.5 \u65f6\uff0c\u4e70\u5165\u91d1\u989d\u548c\u6392\u5e8f\u91d1\u989d\u4e58\u4ee5 0.75"", ""mode"": ""ratio"", ""name"": ""ratio_1p5_scale_0p75"", ""position_scale"": 0.75, ""ratio_threshold"": 1.5}","{""candidate_position_scale_enabled"": 1.0, ""cost_model_enabled"": 1.0, ""holding_cost_pct"": 0.0, ""market_impact_cap_pct"": 0.02, ""market_impact_coeff"": 0.001, ""max_hold_days"": 180.0, ""min_gap_pct"": 0.0, ""sell_gap_pct"": 0.0, ""slippage_pct"": 0.0015, ""stop_gap_ratio_floor"": 0.3, ""stop_signal_threshold"": 999.0, ""switch_hurdle_pct"": 0.03}",-0.009092,-0.004733,-0.164021,0.4223,251,242,-0.045738
ratio_1p5_scale_0p5,期权型低估且价格/债底 > 1.5 时，买入金额和排序金额乘以 0.5,2019,20190101,20191231,"{""description"": ""\u671f\u6743\u578b\u4f4e\u4f30\u4e14\u4ef7\u683c/\u503a\u5e95 > 1.5 \u65f6\uff0c\u4e70\u5165\u91d1\u989d\u548c\u6392\u5e8f\u91d1\u989d\u4e58\u4ee5 0.5"", ""mode"": ""ratio"", ""name"": ""ratio_1p5_scale_0p5"", ""position_scale"": 0.5, ""ratio_threshold"": 1.5}","{""candidate_position_scale_enabled"": 1.0, ""cost_model_enabled"": 1.0, ""holding_cost_pct"": 0.0, ""market_impact_cap_pct"": 0.02, ""market_impact_coeff"": 0.001, ""max_hold_days"": 180.0, ""min_gap_pct"": 0.0, ""sell_gap_pct"": 0.0, ""slippage_pct"": 0.0015, ""stop_gap_ratio_floor"": 0.3, ""stop_signal_threshold"": 999.0, ""switch_hurdle_pct"": 0.03}",0.309911,0.102545,-0.125994,0.6184,152,244,0.071046
ratio_1p5_scale_0p5,期权型低估且价格/债底 > 1.5 时，买入金额和排序金额乘以 0.5,2020,20200101,20201231,"{""description"": ""\u671f\u6743\u578b\u4f4e\u4f30\u4e14\u4ef7\u683c/\u503a\u5e95 > 1.5 \u65f6\uff0c\u4e70\u5165\u91d1\u989d\u548c\u6392\u5e8f\u91d1\u989d\u4e58\u4ee5 0.5"", ""mode"": ""ratio"", ""name"": ""ratio_1p5_scale_0p5"", ""position_scale"": 0.5, ""ratio_threshold"": 1.5}","{""candidate_position_scale_enabled"": 1.0, ""cost_model_enabled"": 1.0, ""holding_cost_pct"": 0.0, ""market_impact_cap_pct"": 0.02, ""market_impact_coeff"": 0.001, ""max_hold_days"": 180.0, ""min_gap_pct"": 0.0, ""sell_gap_pct"": 0.0, ""slippage_pct"": 0.0015, ""stop_gap_ratio_floor"": 0.3, ""stop_signal_threshold"": 999.0, ""switch_hurdle_pct"": 0.03}",-0.093605,-0.197772,-0.169509,0.3951,81,243,-0.240149
ratio_1p5_scale_0p5,期权型低估且价格/债底 > 1.5 时，买入金额和排序金额乘以 0.5,2021,20210101,20211231,"{""description"": ""\u671f\u6743\u578b\u4f4e\u4f30\u4e14\u4ef7\u683c/\u503a\u5e95 > 1.5 \u65f6\uff0c\u4e70\u5165\u91d1\u989d\u548c\u6392\u5e8f\u91d1\u989d\u4e58\u4ee5 0.5"", ""mode"": ""ratio"", ""name"": ""ratio_1p5_scale_0p5"", ""position_scale"": 0.5, ""ratio_threshold"": 1.5}","{""candidate_position_scale_enabled"": 1.0, ""cost_model_enabled"": 1.0, ""holding_cost_pct"": 0.0, ""market_impact_cap_pct"": 0.02, ""market_impact_coeff"": 0.001, ""max_hold_days"": 180.0, ""min_gap_pct"": 0.0, ""sell_gap_pct"": 0.0, ""slippage_pct"": 0.0015, ""stop_gap_ratio_floor"": 0.3, ""stop_signal_threshold"": 999.0, ""switch_hurdle_pct"": 0.03}",0.112442,-0.009256,-0.079433,0.6402,164,243,-0.029114
ratio_1p5_scale_0p5,期权型低估且价格/债底 > 1.5 时，买入金额和排序金额乘以 0.5,2022,20220101,20221231,"{""description"": ""\u671f\u6743\u578b\u4f4e\u4f30\u4e14\u4ef7\u683c/\u503a\u5e95 > 1.5 \u65f6\uff0c\u4e70\u5165\u91d1\u989d\u548c\u6392\u5e8f\u91d1\u989d\u4e58\u4ee5 0.5"", ""mode"": ""ratio"", ""name"": ""ratio_1p5_scale_0p5"", ""position_scale"": 0.5, ""ratio_threshold"": 1.5}","{""candidate_position_scale_enabled"": 1.0, ""cost_model_enabled"": 1.0, ""holding_cost_pct"": 0.0, ""market_impact_cap_pct"": 0.02, ""market_impact_coeff"": 0.001, ""max_hold_days"": 180.0, ""min_gap_pct"": 0.0, ""sell_gap_pct"": 0.0, ""slippage_pct"": 0.0015, ""stop_gap_ratio_floor"": 0.3, ""stop_signal_threshold"": 999.0, ""switch_hurdle_pct"": 0.03}",-0.062073,0.099948,-0.131885,0.383,188,242,0.066977
ratio_1p5_scale_0p5,期权型低估且价格/债底 > 1.5 时，买入金额和排序金额乘以 0.5,2023,20230101,20231231,"{""description"": ""\u671f\u6743\u578b\u4f4e\u4f30\u4e14\u4ef7\u683c/\u503a\u5e95 > 1.5 \u65f6\uff0c\u4e70\u5165\u91d1\u989d\u548c\u6392\u5e8f\u91d1\u989d\u4e58\u4ee5 0.5"", ""mode"": ""ratio"", ""name"": ""ratio_1p5_scale_0p5"", ""position_scale"": 0.5, ""ratio_threshold"": 1.5}","{""candidate_position_scale_enabled"": 1.0, ""cost_model_enabled"": 1.0, ""holding_cost_pct"": 0.0, ""market_impact_cap_pct"": 0.02, ""market_impact_coeff"": 0.001, ""max_hold_days"": 180.0, ""min_gap_pct"": 0.0, ""sell_gap_pct"": 0.0, ""slippage_pct"": 0.0015, ""stop_gap_ratio_floor"": 0.3, ""stop_signal_threshold"": 999.0, ""switch_hurdle_pct"": 0.03}",-0.052366,-0.024746,-0.117135,0.3901,182,242,-0.05403
ratio_1p5_scale_0p5,期权型低估且价格/债底 > 1.5 时，买入金额和排序金额乘以 0.5,2024,20240101,20241231,"{""description"": ""\u671f\u6743\u578b\u4f4e\u4f30\u4e14\u4ef7\u683c/\u503a\u5e95 > 1.5 \u65f6\uff0c\u4e70\u5165\u91d1\u989d\u548c\u6392\u5e8f\u91d1\u989d\u4e58\u4ee5 0.5"", ""mode"": ""ratio"", ""name"": ""ratio_1p5_scale_0p5"", ""position_scale"": 0.5, ""ratio_threshold"": 1.5}","{""candidate_position_scale_enabled"": 1.0, ""cost_model_enabled"": 1.0, ""holding_cost_pct"": 0.0, ""market_impact_cap_pct"": 0.02, ""market_impact_coeff"": 0.001, ""max_hold_days"": 180.0, ""min_gap_pct"": 0.0, ""sell_gap_pct"": 0.0, ""slippage_pct"": 0.0015, ""stop_gap_ratio_floor"": 0.3, ""stop_signal_threshold"": 999.0, ""switch_hurdle_pct"": 0.03}",-0.020887,-0.016529,-0.170071,0.4385,260,242,-0.059047
ratio_1p5_scale_0p25,期权型低估且价格/债底 > 1.5 时，买入金额和排序金额乘以 0.25,2019,20190101,20191231,"{""description"": ""\u671f\u6743\u578b\u4f4e\u4f30\u4e14\u4ef7\u683c/\u503a\u5e95 > 1.5 \u65f6\uff0c\u4e70\u5165\u91d1\u989d\u548c\u6392\u5e8f\u91d1\u989d\u4e58\u4ee5 0.25"", ""mode"": ""ratio"", ""name"": ""ratio_1p5_scale_0p25"", ""position_scale"": 0.25, ""ratio_threshold"": 1.5}","{""candidate_position_scale_enabled"": 1.0, ""cost_model_enabled"": 1.0, ""holding_cost_pct"": 0.0, ""market_impact_cap_pct"": 0.02, ""market_impact_coeff"": 0.001, ""max_hold_days"": 180.0, ""min_gap_pct"": 0.0, ""sell_gap_pct"": 0.0, ""slippage_pct"": 0.0015, ""stop_gap_ratio_floor"": 0.3, ""stop_signal_threshold"": 999.0, ""switch_hurdle_pct"": 0.03}",0.235715,0.028349,-0.144891,0.6144,153,244,-0.007874
ratio_1p5_scale_0p25,期权型低估且价格/债底 > 1.5 时，买入金额和排序金额乘以 0.25,2020,20200101,20201231,"{""description"": ""\u671f\u6743\u578b\u4f4e\u4f30\u4e14\u4ef7\u683c/\u503a\u5e95 > 1.5 \u65f6\uff0c\u4e70\u5165\u91d1\u989d\u548c\u6392\u5e8f\u91d1\u989d\u4e58\u4ee5 0.25"", ""mode"": ""ratio"", ""name"": ""ratio_1p5_scale_0p25"", ""position_scale"": 0.25, ""ratio_threshold"": 1.5}","{""candidate_position_scale_enabled"": 1.0, ""cost_model_enabled"": 1.0, ""holding_cost_pct"": 0.0, ""market_impact_cap_pct"": 0.02, ""market_impact_coeff"": 0.001, ""max_hold_days"": 180.0, ""min_gap_pct"": 0.0, ""sell_gap_pct"": 0.0, ""slippage_pct"": 0.0015, ""stop_gap_ratio_floor"": 0.3, ""stop_signal_threshold"": 999.0, ""switch_hurdle_pct"": 0.03}",-0.070517,-0.174684,-0.151327,0.3696,92,243,-0.212516
ratio_1p5_scale_0p25,期权型低估且价格/债底 > 1.5 时，买入金额和排序金额乘以 0.25,2021,20210101,20211231,"{""description"": ""\u671f\u6743\u578b\u4f4e\u4f30\u4e14\u4ef7\u683c/\u503a\u5e95 > 1.5 \u65f6\uff0c\u4e70\u5165\u91d1\u989d\u548c\u6392\u5e8f\u91d1\u989d\u4e58\u4ee5 0.25"", ""mode"": ""ratio"", ""name"": ""ratio_1p5_scale_0p25"", ""position_scale"": 0.25, ""ratio_threshold"": 1.5}","{""candidate_position_scale_enabled"": 1.0, ""cost_model_enabled"": 1.0, ""holding_cost_pct"": 0.0, ""market_impact_cap_pct"": 0.02, ""market_impact_coeff"": 0.001, ""max_hold_days"": 180.0, ""min_gap_pct"": 0.0, ""sell_gap_pct"": 0.0, ""slippage_pct"": 0.0015, ""stop_gap_ratio_floor"": 0.3, ""stop_signal_threshold"": 999.0, ""switch_hurdle_pct"": 0.03}",0.123321,0.001623,-0.079121,0.6919,172,243,-0.018157
ratio_1p5_scale_0p25,期权型低估且价格/债底 > 1.5 时，买入金额和排序金额乘以 0.25,2022,20220101,20221231,"{""description"": ""\u671f\u6743\u578b\u4f4e\u4f30\u4e14\u4ef7\u683c/\u503a\u5e95 > 1.5 \u65f6\uff0c\u4e70\u5165\u91d1\u989d\u548c\u6392\u5e8f\u91d1\u989d\u4e58\u4ee5 0.25"", ""mode"": ""ratio"", ""name"": ""ratio_1p5_scale_0p25"", ""position_scale"": 0.25, ""ratio_threshold"": 1.5}","{""candidate_position_scale_enabled"": 1.0, ""cost_model_enabled"": 1.0, ""holding_cost_pct"": 0.0, ""market_impact_cap_pct"": 0.02, ""market_impact_coeff"": 0.001, ""max_hold_days"": 180.0, ""min_gap_pct"": 0.0, ""sell_gap_pct"": 0.0, ""slippage_pct"": 0.0015, ""stop_gap_ratio_floor"": 0.3, ""stop_signal_threshold"": 999.0, ""switch_hurdle_pct"": 0.03}",-0.021893,0.140128,-0.111067,0.4466,206,242,0.112361
ratio_1p5_scale_0p25,期权型低估且价格/债底 > 1.5 时，买入金额和排序金额乘以 0.25,2023,20230101,20231231,"{""description"": ""\u671f\u6743\u578b\u4f4e\u4f30\u4e14\u4ef7\u683c/\u503a\u5e95 > 1.5 \u65f6\uff0c\u4e70\u5165\u91d1\u989d\u548c\u6392\u5e8f\u91d1\u989d\u4e58\u4ee5 0.25"", ""mode"": ""ratio"", ""name"": ""ratio_1p5_scale_0p25"", ""position_scale"": 0.25, ""ratio_threshold"": 1.5}","{""candidate_position_scale_enabled"": 1.0, ""cost_model_enabled"": 1.0, ""holding_cost_pct"": 0.0, ""market_impact_cap_pct"": 0.02, ""market_impact_coeff"": 0.001, ""max_hold_days"": 180.0, ""min_gap_pct"": 0.0, ""sell_gap_pct"": 0.0, ""slippage_pct"": 0.0015, ""stop_gap_ratio_floor"": 0.3, ""stop_signal_threshold"": 999.0, ""switch_hurdle_pct"": 0.03}",-0.035913,-0.008293,-0.102785,0.4564,195,242,-0.033989
ratio_1p5_scale_0p25,期权型低估且价格/债底 > 1.5 时，买入金额和排序金额乘以 0.25,2024,20240101,20241231,"{""description"": ""\u671f\u6743\u578b\u4f4e\u4f30\u4e14\u4ef7\u683c/\u503a\u5e95 > 1.5 \u65f6\uff0c\u4e70\u5165\u91d1\u989d\u548c\u6392\u5e8f\u91d1\u989d\u4e58\u4ee5 0.25"", ""mode"": ""ratio"", ""name"": ""ratio_1p5_scale_0p25"", ""position_scale"": 0.25, ""ratio_threshold"": 1.5}","{""candidate_position_scale_enabled"": 1.0, ""cost_model_enabled"": 1.0, ""holding_cost_pct"": 0.0, ""market_impact_cap_pct"": 0.02, ""market_impact_coeff"": 0.001, ""max_hold_days"": 180.0, ""min_gap_pct"": 0.0, ""sell_gap_pct"": 0.0, ""slippage_pct"": 0.0015, ""stop_gap_ratio_floor"": 0.3, ""stop_signal_threshold"": 999.0, ""switch_hurdle_pct"": 0.03}",-0.015285,-0.010926,-0.167408,0.4427,262,242,-0.052778
moneyness_1p6_scale_0p75,期权型低估且正股/转股价 > 1.6 时，买入金额和排序金额乘以 0.75,2019,20190101,20191231,"{""description"": ""\u671f\u6743\u578b\u4f4e\u4f30\u4e14\u6b63\u80a1/\u8f6c\u80a1\u4ef7 > 1.6 \u65f6\uff0c\u4e70\u5165\u91d1\u989d\u548c\u6392\u5e8f\u91d1\u989d\u4e58\u4ee5 0.75"", ""mode"": ""moneyness"", ""moneyness_threshold"": 1.6, ""name"": ""moneyness_1p6_scale_0p75"", ""position_scale"": 0.75}","{""candidate_position_scale_enabled"": 1.0, ""cost_model_enabled"": 1.0, ""holding_cost_pct"": 0.0, ""market_impact_cap_pct"": 0.02, ""market_impact_coeff"": 0.001, ""max_hold_days"": 180.0, ""min_gap_pct"": 0.0, ""sell_gap_pct"": 0.0, ""slippage_pct"": 0.0015, ""stop_gap_ratio_floor"": 0.3, ""stop_signal_threshold"": 999.0, ""switch_hurdle_pct"": 0.03}",0.335637,0.128271,-0.110179,0.5793,164,244,0.100726
moneyness_1p6_scale_0p75,期权型低估且正股/转股价 > 1.6 时，买入金额和排序金额乘以 0.75,2020,20200101,20201231,"{""description"": ""\u671f\u6743\u578b\u4f4e\u4f30\u4e14\u6b63\u80a1/\u8f6c\u80a1\u4ef7 > 1.6 \u65f6\uff0c\u4e70\u5165\u91d1\u989d\u548c\u6392\u5e8f\u91d1\u989d\u4e58\u4ee5 0.75"", ""mode"": ""moneyness"", ""moneyness_threshold"": 1.6, ""name"": ""moneyness_1p6_scale_0p75"", ""position_scale"": 0.75}","{""candidate_position_scale_enabled"": 1.0, ""cost_model_enabled"": 1.0, ""holding_cost_pct"": 0.0, ""market_impact_cap_pct"": 0.02, ""market_impact_coeff"": 0.001, ""max_hold_days"": 180.0, ""min_gap_pct"": 0.0, ""sell_gap_pct"": 0.0, ""slippage_pct"": 0.0015, ""stop_gap_ratio_floor"": 0.3, ""stop_signal_threshold"": 999.0, ""switch_hurdle_pct"": 0.03}",-0.063487,-0.167654,-0.14558,0.3396,106,243,-0.204049
moneyness_1p6_scale_0p75,期权型低估且正股/转股价 > 1.6 时，买入金额和排序金额乘以 0.75,2021,20210101,20211231,"{""description"": ""\u671f\u6743\u578b\u4f4e\u4f30\u4e14\u6b63\u80a1/\u8f6c\u80a1\u4ef7 > 1.6 \u65f6\uff0c\u4e70\u5165\u91d1\u989d\u548c\u6392\u5e8f\u91d1\u989d\u4e58\u4ee5 0.75"", ""mode"": ""moneyness"", ""moneyness_threshold"": 1.6, ""name"": ""moneyness_1p6_scale_0p75"", ""position_scale"": 0.75}","{""candidate_position_scale_enabled"": 1.0, ""cost_model_enabled"": 1.0, ""holding_cost_pct"": 0.0, ""market_impact_cap_pct"": 0.02, ""market_impact_coeff"": 0.001, ""max_hold_days"": 180.0, ""min_gap_pct"": 0.0, ""sell_gap_pct"": 0.0, ""slippage_pct"": 0.0015, ""stop_gap_ratio_floor"": 0.3, ""stop_signal_threshold"": 999.0, ""switch_hurdle_pct"": 0.03}",0.160089,0.038391,-0.080829,0.6084,166,243,0.018184
moneyness_1p6_scale_0p75,期权型低估且正股/转股价 > 1.6 时，买入金额和排序金额乘以 0.75,2022,20220101,20221231,"{""description"": ""\u671f\u6743\u578b\u4f4e\u4f30\u4e14\u6b63\u80a1/\u8f6c\u80a1\u4ef7 > 1.6 \u65f6\uff0c\u4e70\u5165\u91d1\u989d\u548c\u6392\u5e8f\u91d1\u989d\u4e58\u4ee5 0.75"", ""mode"": ""moneyness"", ""moneyness_threshold"": 1.6, ""name"": ""moneyness_1p6_scale_0p75"", ""position_scale"": 0.75}","{""candidate_position_scale_enabled"": 1.0, ""cost_model_enabled"": 1.0, ""holding_cost_pct"": 0.0, ""market_impact_cap_pct"": 0.02, ""market_impact_coeff"": 0.001, ""max_hold_days"": 180.0, ""min_gap_pct"": 0.0, ""sell_gap_pct"": 0.0, ""slippage_pct"": 0.0015, ""stop_gap_ratio_floor"": 0.3, ""stop_signal_threshold"": 999.0, ""switch_hurdle_pct"": 0.03}",-0.13819,0.023831,-0.157606,0.3351,188,242,-0.01557
moneyness_1p6_scale_0p75,期权型低估且正股/转股价 > 1.6 时，买入金额和排序金额乘以 0.75,2023,20230101,20231231,"{""description"": ""\u671f\u6743\u578b\u4f4e\u4f30\u4e14\u6b63\u80a1/\u8f6c\u80a1\u4ef7 > 1.6 \u65f6\uff0c\u4e70\u5165\u91d1\u989d\u548c\u6392\u5e8f\u91d1\u989d\u4e58\u4ee5 0.75"", ""mode"": ""moneyness"", ""moneyness_threshold"": 1.6, ""name"": ""moneyness_1p6_scale_0p75"", ""position_scale"": 0.75}","{""candidate_position_scale_enabled"": 1.0, ""cost_model_enabled"": 1.0, ""holding_cost_pct"": 0.0, ""market_impact_cap_pct"": 0.02, ""market_impact_coeff"": 0.001, ""max_hold_days"": 180.0, ""min_gap_pct"": 0.0, ""sell_gap_pct"": 0.0, ""slippage_pct"": 0.0015, ""stop_gap_ratio_floor"": 0.3, ""stop_signal_threshold"": 999.0, ""switch_hurdle_pct"": 0.03}",-0.045959,-0.01834,-0.118543,0.3882,170,242,-0.047976
moneyness_1p6_scale_0p75,期权型低估且正股/转股价 > 1.6 时，买入金额和排序金额乘以 0.75,2024,20240101,20241231,"{""description"": ""\u671f\u6743\u578b\u4f4e\u4f30\u4e14\u6b63\u80a1/\u8f6c\u80a1\u4ef7 > 1.6 \u65f6\uff0c\u4e70\u5165\u91d1\u989d\u548c\u6392\u5e8f\u91d1\u989d\u4e58\u4ee5 0.75"", ""mode"": ""moneyness"", ""moneyness_threshold"": 1.6, ""name"": ""moneyness_1p6_scale_0p75"", ""position_scale"": 0.75}","{""candidate_position_scale_enabled"": 1.0, ""cost_model_enabled"": 1.0, ""holding_cost_pct"": 0.0, ""market_impact_cap_pct"": 0.02, ""market_impact_coeff"": 0.001, ""max_hold_days"": 180.0, ""min_gap_pct"": 0.0, ""sell_gap_pct"": 0.0, ""slippage_pct"": 0.0015, ""stop_gap_ratio_floor"": 0.3, ""stop_signal_threshold"": 999.0, ""switch_hurdle_pct"": 0.03}",-0.008148,-0.00379,-0.172531,0.4502,251,242,-0.046923
moneyness_1p6_scale_0p5,期权型低估且正股/转股价 > 1.6 时，买入金额和排序金额乘以 0.5,2019,20190101,20191231,"{""description"": ""\u671f\u6743\u578b\u4f4e\u4f30\u4e14\u6b63\u80a1/\u8f6c\u80a1\u4ef7 > 1.6 \u65f6\uff0c\u4e70\u5165\u91d1\u989d\u548c\u6392\u5e8f\u91d1\u989d\u4e58\u4ee5 0.5"", ""mode"": ""moneyness"", ""moneyness_threshold"": 1.6, ""name"": ""moneyness_1p6_scale_0p5"", ""position_scale"": 0.5}","{""candidate_position_scale_enabled"": 1.0, ""cost_model_enabled"": 1.0, ""holding_cost_pct"": 0.0, ""market_impact_cap_pct"": 0.02, ""market_impact_coeff"": 0.001, ""max_hold_days"": 180.0, ""min_gap_pct"": 0.0, ""sell_gap_pct"": 0.0, ""slippage_pct"": 0.0015, ""stop_gap_ratio_floor"": 0.3, ""stop_signal_threshold"": 999.0, ""switch_hurdle_pct"": 0.03}",0.295445,0.088079,-0.123904,0.6184,152,244,0.057103
moneyness_1p6_scale_0p5,期权型低估且正股/转股价 > 1.6 时，买入金额和排序金额乘以 0.5,2020,20200101,20201231,"{""description"": ""\u671f\u6743\u578b\u4f4e\u4f30\u4e14\u6b63\u80a1/\u8f6c\u80a1\u4ef7 > 1.6 \u65f6\uff0c\u4e70\u5165\u91d1\u989d\u548c\u6392\u5e8f\u91d1\u989d\u4e58\u4ee5 0.5"", ""mode"": ""moneyness"", ""moneyness_threshold"": 1.6, ""name"": ""moneyness_1p6_scale_0p5"", ""position_scale"": 0.5}","{""candidate_position_scale_enabled"": 1.0, ""cost_model_enabled"": 1.0, ""holding_cost_pct"": 0.0, ""market_impact_cap_pct"": 0.02, ""market_impact_coeff"": 0.001, ""max_hold_days"": 180.0, ""min_gap_pct"": 0.0, ""sell_gap_pct"": 0.0, ""slippage_pct"": 0.0015, ""stop_gap_ratio_floor"": 0.3, ""stop_signal_threshold"": 999.0, ""switch_hurdle_pct"": 0.03}",-0.076855,-0.181022,-0.155015,0.3793,116,243,-0.219776
moneyness_1p6_scale_0p5,期权型低估且正股/转股价 > 1.6 时，买入金额和排序金额乘以 0.5,2021,20210101,20211231,"{""description"": ""\u671f\u6743\u578b\u4f4e\u4f30\u4e14\u6b63\u80a1/\u8f6c\u80a1\u4ef7 > 1.6 \u65f6\uff0c\u4e70\u5165\u91d1\u989d\u548c\u6392\u5e8f\u91d1\u989d\u4e58\u4ee5 0.5"", ""mode"": ""moneyness"", ""moneyness_threshold"": 1.6, ""name"": ""moneyness_1p6_scale_0p5"", ""position_scale"": 0.5}","{""candidate_position_scale_enabled"": 1.0, ""cost_model_enabled"": 1.0, ""holding_cost_pct"": 0.0, ""market_impact_cap_pct"": 0.02, ""market_impact_coeff"": 0.001, ""max_hold_days"": 180.0, ""min_gap_pct"": 0.0, ""sell_gap_pct"": 0.0, ""slippage_pct"": 0.0015, ""stop_gap_ratio_floor"": 0.3, ""stop_signal_threshold"": 999.0, ""switch_hurdle_pct"": 0.03}",0.121801,0.000103,-0.091998,0.5939,197,243,-0.022897
moneyness_1p6_scale_0p5,期权型低估且正股/转股价 > 1.6 时，买入金额和排序金额乘以 0.5,2022,20220101,20221231,"{""description"": ""\u671f\u6743\u578b\u4f4e\u4f30\u4e14\u6b63\u80a1/\u8f6c\u80a1\u4ef7 > 1.6 \u65f6\uff0c\u4e70\u5165\u91d1\u989d\u548c\u6392\u5e8f\u91d1\u989d\u4e58\u4ee5 0.5"", ""mode"": ""moneyness"", ""moneyness_threshold"": 1.6, ""name"": ""moneyness_1p6_scale_0p5"", ""position_scale"": 0.5}","{""candidate_position_scale_enabled"": 1.0, ""cost_model_enabled"": 1.0, ""holding_cost_pct"": 0.0, ""market_impact_cap_pct"": 0.02, ""market_impact_coeff"": 0.001, ""max_hold_days"": 180.0, ""min_gap_pct"": 0.0, ""sell_gap_pct"": 0.0, ""slippage_pct"": 0.0015, ""stop_gap_ratio_floor"": 0.3, ""stop_signal_threshold"": 999.0, ""switch_hurdle_pct"": 0.03}",-0.066986,0.095035,-0.107428,0.3833,240,242,0.068178
moneyness_1p6_scale_0p5,期权型低估且正股/转股价 > 1.6 时，买入金额和排序金额乘以 0.5,2023,20230101,20231231,"{""description"": ""\u671f\u6743\u578b\u4f4e\u4f30\u4e14\u6b63\u80a1/\u8f6c\u80a1\u4ef7 > 1.6 \u65f6\uff0c\u4e70\u5165\u91d1\u989d\u548c\u6392\u5e8f\u91d1\u989d\u4e58\u4ee5 0.5"", ""mode"": ""moneyness"", ""moneyness_threshold"": 1.6, ""name"": ""moneyness_1p6_scale_0p5"", ""position_scale"": 0.5}","{""candidate_position_scale_enabled"": 1.0, ""cost_model_enabled"": 1.0, ""holding_cost_pct"": 0.0, ""market_impact_cap_pct"": 0.02, ""market_impact_coeff"": 0.001, ""max_hold_days"": 180.0, ""min_gap_pct"": 0.0, ""sell_gap_pct"": 0.0, ""slippage_pct"": 0.0015, ""stop_gap_ratio_floor"": 0.3, ""stop_signal_threshold"": 999.0, ""switch_hurdle_pct"": 0.03}",-0.037465,-0.009845,-0.100857,0.3709,213,242,-0.035059
moneyness_1p6_scale_0p5,期权型低估且正股/转股价 > 1.6 时，买入金额和排序金额乘以 0.5,2024,20240101,20241231,"{""description"": ""\u671f\u6743\u578b\u4f4e\u4f30\u4e14\u6b63\u80a1/\u8f6c\u80a1\u4ef7 > 1.6 \u65f6\uff0c\u4e70\u5165\u91d1\u989d\u548c\u6392\u5e8f\u91d1\u989d\u4e58\u4ee5 0.5"", ""mode"": ""moneyness"", ""moneyness_threshold"": 1.6, ""name"": ""moneyness_1p6_scale_0p5"", ""position_scale"": 0.5}","{""candidate_position_scale_enabled"": 1.0, ""cost_model_enabled"": 1.0, ""holding_cost_pct"": 0.0, ""market_impact_cap_pct"": 0.02, ""market_impact_coeff"": 0.001, ""max_hold_days"": 180.0, ""min_gap_pct"": 0.0, ""sell_gap_pct"": 0.0, ""slippage_pct"": 0.0015, ""stop_gap_ratio_floor"": 0.3, ""stop_signal_threshold"": 999.0, ""switch_hurdle_pct"": 0.03}",-0.00953,-0.005171,-0.17079,0.4643,252,242,-0.047869
moneyness_1p6_scale_0p25,期权型低估且正股/转股价 > 1.6 时，买入金额和排序金额乘以 0.25,2019,20190101,20191231,"{""description"": ""\u671f\u6743\u578b\u4f4e\u4f30\u4e14\u6b63\u80a1/\u8f6c\u80a1\u4ef7 > 1.6 \u65f6\uff0c\u4e70\u5165\u91d1\u989d\u548c\u6392\u5e8f\u91d1\u989d\u4e58\u4ee5 0.25"", ""mode"": ""moneyness"", ""moneyness_threshold"": 1.6, ""name"": ""moneyness_1p6_scale_0p25"", ""position_scale"": 0.25}","{""candidate_position_scale_enabled"": 1.0, ""cost_model_enabled"": 1.0, ""holding_cost_pct"": 0.0, ""market_impact_cap_pct"": 0.02, ""market_impact_coeff"": 0.001, ""max_hold_days"": 180.0, ""min_gap_pct"": 0.0, ""sell_gap_pct"": 0.0, ""slippage_pct"": 0.0015, ""stop_gap_ratio_floor"": 0.3, ""stop_signal_threshold"": 999.0, ""switch_hurdle_pct"": 0.03}",0.286073,0.078707,-0.136989,0.6164,159,244,0.04446
moneyness_1p6_scale_0p25,期权型低估且正股/转股价 > 1.6 时，买入金额和排序金额乘以 0.25,2020,20200101,20201231,"{""description"": ""\u671f\u6743\u578b\u4f4e\u4f30\u4e14\u6b63\u80a1/\u8f6c\u80a1\u4ef7 > 1.6 \u65f6\uff0c\u4e70\u5165\u91d1\u989d\u548c\u6392\u5e8f\u91d1\u989d\u4e58\u4ee5 0.25"", ""mode"": ""moneyness"", ""moneyness_threshold"": 1.6, ""name"": ""moneyness_1p6_scale_0p25"", ""position_scale"": 0.25}","{""candidate_position_scale_enabled"": 1.0, ""cost_model_enabled"": 1.0, ""holding_cost_pct"": 0.0, ""market_impact_cap_pct"": 0.02, ""market_impact_coeff"": 0.001, ""max_hold_days"": 180.0, ""min_gap_pct"": 0.0, ""sell_gap_pct"": 0.0, ""slippage_pct"": 0.0015, ""stop_gap_ratio_floor"": 0.3, ""stop_signal_threshold"": 999.0, ""switch_hurdle_pct"": 0.03}",-0.020989,-0.125156,-0.127625,0.3176,85,243,-0.157062
moneyness_1p6_scale_0p25,期权型低估且正股/转股价 > 1.6 时，买入金额和排序金额乘以 0.25,2021,20210101,20211231,"{""description"": ""\u671f\u6743\u578b\u4f4e\u4f30\u4e14\u6b63\u80a1/\u8f6c\u80a1\u4ef7 > 1.6 \u65f6\uff0c\u4e70\u5165\u91d1\u989d\u548c\u6392\u5e8f\u91d1\u989d\u4e58\u4ee5 0.25"", ""mode"": ""moneyness"", ""moneyness_threshold"": 1.6, ""name"": ""moneyness_1p6_scale_0p25"", ""position_scale"": 0.25}","{""candidate_position_scale_enabled"": 1.0, ""cost_model_enabled"": 1.0, ""holding_cost_pct"": 0.0, ""market_impact_cap_pct"": 0.02, ""market_impact_coeff"": 0.001, ""max_hold_days"": 180.0, ""min_gap_pct"": 0.0, ""sell_gap_pct"": 0.0, ""slippage_pct"": 0.0015, ""stop_gap_ratio_floor"": 0.3, ""stop_signal_threshold"": 999.0, ""switch_hurdle_pct"": 0.03}",0.199448,0.07775,-0.116866,0.6417,254,243,0.048534
moneyness_1p6_scale_0p25,期权型低估且正股/转股价 > 1.6 时，买入金额和排序金额乘以 0.25,2022,20220101,20221231,"{""description"": ""\u671f\u6743\u578b\u4f4e\u4f30\u4e14\u6b63\u80a1/\u8f6c\u80a1\u4ef7 > 1.6 \u65f6\uff0c\u4e70\u5165\u91d1\u989d\u548c\u6392\u5e8f\u91d1\u989d\u4e58\u4ee5 0.25"", ""mode"": ""moneyness"", ""moneyness_threshold"": 1.6, ""name"": ""moneyness_1p6_scale_0p25"", ""position_scale"": 0.25}","{""candidate_position_scale_enabled"": 1.0, ""cost_model_enabled"": 1.0, ""holding_cost_pct"": 0.0, ""market_impact_cap_pct"": 0.02, ""market_impact_coeff"": 0.001, ""max_hold_days"": 180.0, ""min_gap_pct"": 0.0, ""sell_gap_pct"": 0.0, ""slippage_pct"": 0.0015, ""stop_gap_ratio_floor"": 0.3, ""stop_signal_threshold"": 999.0, ""switch_hurdle_pct"": 0.03}",-0.062992,0.099029,-0.111915,0.4729,277,242,0.07105
moneyness_1p6_scale_0p25,期权型低估且正股/转股价 > 1.6 时，买入金额和排序金额乘以 0.25,2023,20230101,20231231,"{""description"": ""\u671f\u6743\u578b\u4f4e\u4f30\u4e14\u6b63\u80a1/\u8f6c\u80a1\u4ef7 > 1.6 \u65f6\uff0c\u4e70\u5165\u91d1\u989d\u548c\u6392\u5e8f\u91d1\u989d\u4e58\u4ee5 0.25"", ""mode"": ""moneyness"", ""moneyness_threshold"": 1.6, ""name"": ""moneyness_1p6_scale_0p25"", ""position_scale"": 0.25}","{""candidate_position_scale_enabled"": 1.0, ""cost_model_enabled"": 1.0, ""holding_cost_pct"": 0.0, ""market_impact_cap_pct"": 0.02, ""market_impact_coeff"": 0.001, ""max_hold_days"": 180.0, ""min_gap_pct"": 0.0, ""sell_gap_pct"": 0.0, ""slippage_pct"": 0.0015, ""stop_gap_ratio_floor"": 0.3, ""stop_signal_threshold"": 999.0, ""switch_hurdle_pct"": 0.03}",-0.026693,0.000927,-0.09371,0.4366,284,242,-0.0225
moneyness_1p6_scale_0p25,期权型低估且正股/转股价 > 1.6 时，买入金额和排序金额乘以 0.25,2024,20240101,20241231,"{""description"": ""\u671f\u6743\u578b\u4f4e\u4f30\u4e14\u6b63\u80a1/\u8f6c\u80a1\u4ef7 > 1.6 \u65f6\uff0c\u4e70\u5165\u91d1\u989d\u548c\u6392\u5e8f\u91d1\u989d\u4e58\u4ee5 0.25"", ""mode"": ""moneyness"", ""moneyness_threshold"": 1.6, ""name"": ""moneyness_1p6_scale_0p25"", ""position_scale"": 0.25}","{""candidate_position_scale_enabled"": 1.0, ""cost_model_enabled"": 1.0, ""holding_cost_pct"": 0.0, ""market_impact_cap_pct"": 0.02, ""market_impact_coeff"": 0.001, ""max_hold_days"": 180.0, ""min_gap_pct"": 0.0, ""sell_gap_pct"": 0.0, ""slippage_pct"": 0.0015, ""stop_gap_ratio_floor"": 0.3, ""stop_signal_threshold"": 999.0, ""switch_hurdle_pct"": 0.03}",0.017848,0.022206,-0.173764,0.4741,232,242,-0.021235
ratio_1p5_or_mny_1p6_scale_0p75,期权型低估且价格/债底 > 1.5 或正股/转股价 > 1.6 时，买入金额和排序金额乘以 0.75,2019,20190101,20191231,"{""description"": ""\u671f\u6743\u578b\u4f4e\u4f30\u4e14\u4ef7\u683c/\u503a\u5e95 > 1.5 \u6216\u6b63\u80a1/\u8f6c\u80a1\u4ef7 > 1.6 \u65f6\uff0c\u4e70\u5165\u91d1\u989d\u548c\u6392\u5e8f\u91d1\u989d\u4e58\u4ee5 0.75"", ""mode"": ""ratio_or_moneyness"", ""moneyness_threshold"": 1.6, ""name"": ""ratio_1p5_or_mny_1p6_scale_0p75"", ""position_scale"": 0.75, ""ratio_threshold"": 1.5}","{""candidate_position_scale_enabled"": 1.0, ""cost_model_enabled"": 1.0, ""holding_cost_pct"": 0.0, ""market_impact_cap_pct"": 0.02, ""market_impact_coeff"": 0.001, ""max_hold_days"": 180.0, ""min_gap_pct"": 0.0, ""sell_gap_pct"": 0.0, ""slippage_pct"": 0.0015, ""stop_gap_ratio_floor"": 0.3, ""stop_signal_threshold"": 999.0, ""switch_hurdle_pct"": 0.03}",0.347843,0.140477,-0.108887,0.5904,166,244,0.113255
ratio_1p5_or_mny_1p6_scale_0p75,期权型低估且价格/债底 > 1.5 或正股/转股价 > 1.6 时，买入金额和排序金额乘以 0.75,2020,20200101,20201231,"{""description"": ""\u671f\u6743\u578b\u4f4e\u4f30\u4e14\u4ef7\u683c/\u503a\u5e95 > 1.5 \u6216\u6b63\u80a1/\u8f6c\u80a1\u4ef7 > 1.6 \u65f6\uff0c\u4e70\u5165\u91d1\u989d\u548c\u6392\u5e8f\u91d1\u989d\u4e58\u4ee5 0.75"", ""mode"": ""ratio_or_moneyness"", ""moneyness_threshold"": 1.6, ""name"": ""ratio_1p5_or_mny_1p6_scale_0p75"", ""position_scale"": 0.75, ""ratio_threshold"": 1.5}","{""candidate_position_scale_enabled"": 1.0, ""cost_model_enabled"": 1.0, ""holding_cost_pct"": 0.0, ""market_impact_cap_pct"": 0.02, ""market_impact_coeff"": 0.001, ""max_hold_days"": 180.0, ""min_gap_pct"": 0.0, ""sell_gap_pct"": 0.0, ""slippage_pct"": 0.0015, ""stop_gap_ratio_floor"": 0.3, ""stop_signal_threshold"": 999.0, ""switch_hurdle_pct"": 0.03}",-0.07945,-0.183617,-0.160759,0.3673,98,243,-0.223807
ratio_1p5_or_mny_1p6_scale_0p75,期权型低估且价格/债底 > 1.5 或正股/转股价 > 1.6 时，买入金额和排序金额乘以 0.75,2021,20210101,20211231,"{""description"": ""\u671f\u6743\u578b\u4f4e\u4f30\u4e14\u4ef7\u683c/\u503a\u5e95 > 1.5 \u6216\u6b63\u80a1/\u8f6c\u80a1\u4ef7 > 1.6 \u65f6\uff0c\u4e70\u5165\u91d1\u989d\u548c\u6392\u5e8f\u91d1\u989d\u4e58\u4ee5 0.75"", ""mode"": ""ratio_or_moneyness"", ""moneyness_threshold"": 1.6, ""name"": ""ratio_1p5_or_mny_1p6_scale_0p75"", ""position_scale"": 0.75, ""ratio_threshold"": 1.5}","{""candidate_position_scale_enabled"": 1.0, ""cost_model_enabled"": 1.0, ""holding_cost_pct"": 0.0, ""market_impact_cap_pct"": 0.02, ""market_impact_coeff"": 0.001, ""max_hold_days"": 180.0, ""min_gap_pct"": 0.0, ""sell_gap_pct"": 0.0, ""slippage_pct"": 0.0015, ""stop_gap_ratio_floor"": 0.3, ""stop_signal_threshold"": 999.0, ""switch_hurdle_pct"": 0.03}",0.145898,0.024199,-0.082652,0.6319,163,243,0.003536
ratio_1p5_or_mny_1p6_scale_0p75,期权型低估且价格/债底 > 1.5 或正股/转股价 > 1.6 时，买入金额和排序金额乘以 0.75,2022,20220101,20221231,"{""description"": ""\u671f\u6743\u578b\u4f4e\u4f30\u4e14\u4ef7\u683c/\u503a\u5e95 > 1.5 \u6216\u6b63\u80a1/\u8f6c\u80a1\u4ef7 > 1.6 \u65f6\uff0c\u4e70\u5165\u91d1\u989d\u548c\u6392\u5e8f\u91d1\u989d\u4e58\u4ee5 0.75"", ""mode"": ""ratio_or_moneyness"", ""moneyness_threshold"": 1.6, ""name"": ""ratio_1p5_or_mny_1p6_scale_0p75"", ""position_scale"": 0.75, ""ratio_threshold"": 1.5}","{""candidate_position_scale_enabled"": 1.0, ""cost_model_enabled"": 1.0, ""holding_cost_pct"": 0.0, ""market_impact_cap_pct"": 0.02, ""market_impact_coeff"": 0.001, ""max_hold_days"": 180.0, ""min_gap_pct"": 0.0, ""sell_gap_pct"": 0.0, ""slippage_pct"": 0.0015, ""stop_gap_ratio_floor"": 0.3, ""stop_signal_threshold"": 999.0, ""switch_hurdle_pct"": 0.03}",-0.145629,0.016393,-0.162507,0.3467,199,242,-0.024234
ratio_1p5_or_mny_1p6_scale_0p75,期权型低估且价格/债底 > 1.5 或正股/转股价 > 1.6 时，买入金额和排序金额乘以 0.75,2023,20230101,20231231,"{""description"": ""\u671f\u6743\u578b\u4f4e\u4f30\u4e14\u4ef7\u683c/\u503a\u5e95 > 1.5 \u6216\u6b63\u80a1/\u8f6c\u80a1\u4ef7 > 1.6 \u65f6\uff0c\u4e70\u5165\u91d1\u989d\u548c\u6392\u5e8f\u91d1\u989d\u4e58\u4ee5 0.75"", ""mode"": ""ratio_or_moneyness"", ""moneyness_threshold"": 1.6, ""name"": ""ratio_1p5_or_mny_1p6_scale_0p75"", ""position_scale"": 0.75, ""ratio_threshold"": 1.5}","{""candidate_position_scale_enabled"": 1.0, ""cost_model_enabled"": 1.0, ""holding_cost_pct"": 0.0, ""market_impact_cap_pct"": 0.02, ""market_impact_coeff"": 0.001, ""max_hold_days"": 180.0, ""min_gap_pct"": 0.0, ""sell_gap_pct"": 0.0, ""slippage_pct"": 0.0015, ""stop_gap_ratio_floor"": 0.3, ""stop_signal_threshold"": 999.0, ""switch_hurdle_pct"": 0.03}",-0.057284,-0.029664,-0.119995,0.3869,168,242,-0.059663
ratio_1p5_or_mny_1p6_scale_0p75,期权型低估且价格/债底 > 1.5 或正股/转股价 > 1.6 时，买入金额和排序金额乘以 0.75,2024,20240101,20241231,"{""description"": ""\u671f\u6743\u578b\u4f4e\u4f30\u4e14\u4ef7\u683c/\u503a\u5e95 > 1.5 \u6216\u6b63\u80a1/\u8f6c\u80a1\u4ef7 > 1.6 \u65f6\uff0c\u4e70\u5165\u91d1\u989d\u548c\u6392\u5e8f\u91d1\u989d\u4e58\u4ee5 0.75"", ""mode"": ""ratio_or_moneyness"", ""moneyness_threshold"": 1.6, ""name"": ""ratio_1p5_or_mny_1p6_scale_0p75"", ""position_scale"": 0.75, ""ratio_threshold"": 1.5}","{""candidate_position_scale_enabled"": 1.0, ""cost_model_enabled"": 1.0, ""holding_cost_pct"": 0.0, ""market_impact_cap_pct"": 0.02, ""market_impact_coeff"": 0.001, ""max_hold_days"": 180.0, ""min_gap_pct"": 0.0, ""sell_gap_pct"": 0.0, ""slippage_pct"": 0.0015, ""stop_gap_ratio_floor"": 0.3, ""stop_signal_threshold"": 999.0, ""switch_hurdle_pct"": 0.03}",-0.008946,-0.004588,-0.162412,0.4223,251,242,-0.045191
ratio_1p5_or_mny_1p6_scale_0p5,期权型低估且价格/债底 > 1.5 或正股/转股价 > 1.6 时，买入金额和排序金额乘以 0.5,2019,20190101,20191231,"{""description"": ""\u671f\u6743\u578b\u4f4e\u4f30\u4e14\u4ef7\u683c/\u503a\u5e95 > 1.5 \u6216\u6b63\u80a1/\u8f6c\u80a1\u4ef7 > 1.6 \u65f6\uff0c\u4e70\u5165\u91d1\u989d\u548c\u6392\u5e8f\u91d1\u989d\u4e58\u4ee5 0.5"", ""mode"": ""ratio_or_moneyness"", ""moneyness_threshold"": 1.6, ""name"": ""ratio_1p5_or_mny_1p6_scale_0p5"", ""position_scale"": 0.5, ""ratio_threshold"": 1.5}","{""candidate_position_scale_enabled"": 1.0, ""cost_model_enabled"": 1.0, ""holding_cost_pct"": 0.0, ""market_impact_cap_pct"": 0.02, ""market_impact_coeff"": 0.001, ""max_hold_days"": 180.0, ""min_gap_pct"": 0.0, ""sell_gap_pct"": 0.0, ""slippage_pct"": 0.0015, ""stop_gap_ratio_floor"": 0.3, ""stop_signal_threshold"": 999.0, ""switch_hurdle_pct"": 0.03}",0.313933,0.106567,-0.123617,0.6139,158,244,0.075663
ratio_1p5_or_mny_1p6_scale_0p5,期权型低估且价格/债底 > 1.5 或正股/转股价 > 1.6 时，买入金额和排序金额乘以 0.5,2020,20200101,20201231,"{""description"": ""\u671f\u6743\u578b\u4f4e\u4f30\u4e14\u4ef7\u683c/\u503a\u5e95 > 1.5 \u6216\u6b63\u80a1/\u8f6c\u80a1\u4ef7 > 1.6 \u65f6\uff0c\u4e70\u5165\u91d1\u989d\u548c\u6392\u5e8f\u91d1\u989d\u4e58\u4ee5 0.5"", ""mode"": ""ratio_or_moneyness"", ""moneyness_threshold"": 1.6, ""name"": ""ratio_1p5_or_mny_1p6_scale_0p5"", ""position_scale"": 0.5, ""ratio_threshold"": 1.5}","{""candidate_position_scale_enabled"": 1.0, ""cost_model_enabled"": 1.0, ""holding_cost_pct"": 0.0, ""market_impact_cap_pct"": 0.02, ""market_impact_coeff"": 0.001, ""max_hold_days"": 180.0, ""min_gap_pct"": 0.0, ""sell_gap_pct"": 0.0, ""slippage_pct"": 0.0015, ""stop_gap_ratio_floor"": 0.3, ""stop_signal_threshold"": 999.0, ""switch_hurdle_pct"": 0.03}",-0.078016,-0.182182,-0.156721,0.3604,111,243,-0.221362
ratio_1p5_or_mny_1p6_scale_0p5,期权型低估且价格/债底 > 1.5 或正股/转股价 > 1.6 时，买入金额和排序金额乘以 0.5,2021,20210101,20211231,"{""description"": ""\u671f\u6743\u578b\u4f4e\u4f30\u4e14\u4ef7\u683c/\u503a\u5e95 > 1.5 \u6216\u6b63\u80a1/\u8f6c\u80a1\u4ef7 > 1.6 \u65f6\uff0c\u4e70\u5165\u91d1\u989d\u548c\u6392\u5e8f\u91d1\u989d\u4e58\u4ee5 0.5"", ""mode"": ""ratio_or_moneyness"", ""moneyness_threshold"": 1.6, ""name"": ""ratio_1p5_or_mny_1p6_scale_0p5"", ""position_scale"": 0.5, ""ratio_threshold"": 1.5}","{""candidate_position_scale_enabled"": 1.0, ""cost_model_enabled"": 1.0, ""holding_cost_pct"": 0.0, ""market_impact_cap_pct"": 0.02, ""market_impact_coeff"": 0.001, ""max_hold_days"": 180.0, ""min_gap_pct"": 0.0, ""sell_gap_pct"": 0.0, ""slippage_pct"": 0.0015, ""stop_gap_ratio_floor"": 0.3, ""stop_signal_threshold"": 999.0, ""switch_hurdle_pct"": 0.03}",0.14019,0.018492,-0.091998,0.5829,211,243,-0.004507
ratio_1p5_or_mny_1p6_scale_0p5,期权型低估且价格/债底 > 1.5 或正股/转股价 > 1.6 时，买入金额和排序金额乘以 0.5,2022,20220101,20221231,"{""description"": ""\u671f\u6743\u578b\u4f4e\u4f30\u4e14\u4ef7\u683c/\u503a\u5e95 > 1.5 \u6216\u6b63\u80a1/\u8f6c\u80a1\u4ef7 > 1.6 \u65f6\uff0c\u4e70\u5165\u91d1\u989d\u548c\u6392\u5e8f\u91d1\u989d\u4e58\u4ee5 0.5"", ""mode"": ""ratio_or_moneyness"", ""moneyness_threshold"": 1.6, ""name"": ""ratio_1p5_or_mny_1p6_scale_0p5"", ""position_scale"": 0.5, ""ratio_threshold"": 1.5}","{""candidate_position_scale_enabled"": 1.0, ""cost_model_enabled"": 1.0, ""holding_cost_pct"": 0.0, ""market_impact_cap_pct"": 0.02, ""market_impact_coeff"": 0.001, ""max_hold_days"": 180.0, ""min_gap_pct"": 0.0, ""sell_gap_pct"": 0.0, ""slippage_pct"": 0.0015, ""stop_gap_ratio_floor"": 0.3, ""stop_signal_threshold"": 999.0, ""switch_hurdle_pct"": 0.03}",-0.040502,0.12152,-0.109497,0.3803,234,242,0.094146
ratio_1p5_or_mny_1p6_scale_0p5,期权型低估且价格/债底 > 1.5 或正股/转股价 > 1.6 时，买入金额和排序金额乘以 0.5,2023,20230101,20231231,"{""description"": ""\u671f\u6743\u578b\u4f4e\u4f30\u4e14\u4ef7\u683c/\u503a\u5e95 > 1.5 \u6216\u6b63\u80a1/\u8f6c\u80a1\u4ef7 > 1.6 \u65f6\uff0c\u4e70\u5165\u91d1\u989d\u548c\u6392\u5e8f\u91d1\u989d\u4e58\u4ee5 0.5"", ""mode"": ""ratio_or_moneyness"", ""moneyness_threshold"": 1.6, ""name"": ""ratio_1p5_or_mny_1p6_scale_0p5"", ""position_scale"": 0.5, ""ratio_threshold"": 1.5}","{""candidate_position_scale_enabled"": 1.0, ""cost_model_enabled"": 1.0, ""holding_cost_pct"": 0.0, ""market_impact_cap_pct"": 0.02, ""market_impact_coeff"": 0.001, ""max_hold_days"": 180.0, ""min_gap_pct"": 0.0, ""sell_gap_pct"": 0.0, ""slippage_pct"": 0.0015, ""stop_gap_ratio_floor"": 0.3, ""stop_signal_threshold"": 999.0, ""switch_hurdle_pct"": 0.03}",-0.037343,-0.009723,-0.092335,0.4112,214,242,-0.032807
ratio_1p5_or_mny_1p6_scale_0p5,期权型低估且价格/债底 > 1.5 或正股/转股价 > 1.6 时，买入金额和排序金额乘以 0.5,2024,20240101,20241231,"{""description"": ""\u671f\u6743\u578b\u4f4e\u4f30\u4e14\u4ef7\u683c/\u503a\u5e95 > 1.5 \u6216\u6b63\u80a1/\u8f6c\u80a1\u4ef7 > 1.6 \u65f6\uff0c\u4e70\u5165\u91d1\u989d\u548c\u6392\u5e8f\u91d1\u989d\u4e58\u4ee5 0.5"", ""mode"": ""ratio_or_moneyness"", ""moneyness_threshold"": 1.6, ""name"": ""ratio_1p5_or_mny_1p6_scale_0p5"", ""position_scale"": 0.5, ""ratio_threshold"": 1.5}","{""candidate_position_scale_enabled"": 1.0, ""cost_model_enabled"": 1.0, ""holding_cost_pct"": 0.0, ""market_impact_cap_pct"": 0.02, ""market_impact_coeff"": 0.001, ""max_hold_days"": 180.0, ""min_gap_pct"": 0.0, ""sell_gap_pct"": 0.0, ""slippage_pct"": 0.0015, ""stop_gap_ratio_floor"": 0.3, ""stop_signal_threshold"": 999.0, ""switch_hurdle_pct"": 0.03}",-0.019595,-0.015236,-0.166612,0.4385,260,242,-0.056889
ratio_1p5_or_mny_1p6_scale_0p25,期权型低估且价格/债底 > 1.5 或正股/转股价 > 1.6 时，买入金额和排序金额乘以 0.25,2019,20190101,20191231,"{""description"": ""\u671f\u6743\u578b\u4f4e\u4f30\u4e14\u4ef7\u683c/\u503a\u5e95 > 1.5 \u6216\u6b63\u80a1/\u8f6c\u80a1\u4ef7 > 1.6 \u65f6\uff0c\u4e70\u5165\u91d1\u989d\u548c\u6392\u5e8f\u91d1\u989d\u4e58\u4ee5 0.25"", ""mode"": ""ratio_or_moneyness"", ""moneyness_threshold"": 1.6, ""name"": ""ratio_1p5_or_mny_1p6_scale_0p25"", ""position_scale"": 0.25, ""ratio_threshold"": 1.5}","{""candidate_position_scale_enabled"": 1.0, ""cost_model_enabled"": 1.0, ""holding_cost_pct"": 0.0, ""market_impact_cap_pct"": 0.02, ""market_impact_coeff"": 0.001, ""max_hold_days"": 180.0, ""min_gap_pct"": 0.0, ""sell_gap_pct"": 0.0, ""slippage_pct"": 0.0015, ""stop_gap_ratio_floor"": 0.3, ""stop_signal_threshold"": 999.0, ""switch_hurdle_pct"": 0.03}",0.258025,0.050659,-0.136042,0.6173,162,244,0.016649
ratio_1p5_or_mny_1p6_scale_0p25,期权型低估且价格/债底 > 1.5 或正股/转股价 > 1.6 时，买入金额和排序金额乘以 0.25,2020,20200101,20201231,"{""description"": ""\u671f\u6743\u578b\u4f4e\u4f30\u4e14\u4ef7\u683c/\u503a\u5e95 > 1.5 \u6216\u6b63\u80a1/\u8f6c\u80a1\u4ef7 > 1.6 \u65f6\uff0c\u4e70\u5165\u91d1\u989d\u548c\u6392\u5e8f\u91d1\u989d\u4e58\u4ee5 0.25"", ""mode"": ""ratio_or_moneyness"", ""moneyness_threshold"": 1.6, ""name"": ""ratio_1p5_or_mny_1p6_scale_0p25"", ""position_scale"": 0.25, ""ratio_threshold"": 1.5}","{""candidate_position_scale_enabled"": 1.0, ""cost_model_enabled"": 1.0, ""holding_cost_pct"": 0.0, ""market_impact_cap_pct"": 0.02, ""market_impact_coeff"": 0.001, ""max_hold_days"": 180.0, ""min_gap_pct"": 0.0, ""sell_gap_pct"": 0.0, ""slippage_pct"": 0.0015, ""stop_gap_ratio_floor"": 0.3, ""stop_signal_threshold"": 999.0, ""switch_hurdle_pct"": 0.03}",-0.021699,-0.125866,-0.128619,0.3452,84,243,-0.158021
ratio_1p5_or_mny_1p6_scale_0p25,期权型低估且价格/债底 > 1.5 或正股/转股价 > 1.6 时，买入金额和排序金额乘以 0.25,2021,20210101,20211231,"{""description"": ""\u671f\u6743\u578b\u4f4e\u4f30\u4e14\u4ef7\u683c/\u503a\u5e95 > 1.5 \u6216\u6b63\u80a1/\u8f6c\u80a1\u4ef7 > 1.6 \u65f6\uff0c\u4e70\u5165\u91d1\u989d\u548c\u6392\u5e8f\u91d1\u989d\u4e58\u4ee5 0.25"", ""mode"": ""ratio_or_moneyness"", ""moneyness_threshold"": 1.6, ""name"": ""ratio_1p5_or_mny_1p6_scale_0p25"", ""position_scale"": 0.25, ""ratio_threshold"": 1.5}","{""candidate_position_scale_enabled"": 1.0, ""cost_model_enabled"": 1.0, ""holding_cost_pct"": 0.0, ""market_impact_cap_pct"": 0.02, ""market_impact_coeff"": 0.001, ""max_hold_days"": 180.0, ""min_gap_pct"": 0.0, ""sell_gap_pct"": 0.0, ""slippage_pct"": 0.0015, ""stop_gap_ratio_floor"": 0.3, ""stop_signal_threshold"": 999.0, ""switch_hurdle_pct"": 0.03}",0.21221,0.090512,-0.116866,0.6772,254,243,0.061295
ratio_1p5_or_mny_1p6_scale_0p25,期权型低估且价格/债底 > 1.5 或正股/转股价 > 1.6 时，买入金额和排序金额乘以 0.25,2022,20220101,20221231,"{""description"": ""\u671f\u6743\u578b\u4f4e\u4f30\u4e14\u4ef7\u683c/\u503a\u5e95 > 1.5 \u6216\u6b63\u80a1/\u8f6c\u80a1\u4ef7 > 1.6 \u65f6\uff0c\u4e70\u5165\u91d1\u989d\u548c\u6392\u5e8f\u91d1\u989d\u4e58\u4ee5 0.25"", ""mode"": ""ratio_or_moneyness"", ""moneyness_threshold"": 1.6, ""name"": ""ratio_1p5_or_mny_1p6_scale_0p25"", ""position_scale"": 0.25, ""ratio_threshold"": 1.5}","{""candidate_position_scale_enabled"": 1.0, ""cost_model_enabled"": 1.0, ""holding_cost_pct"": 0.0, ""market_impact_cap_pct"": 0.02, ""market_impact_coeff"": 0.001, ""max_hold_days"": 180.0, ""min_gap_pct"": 0.0, ""sell_gap_pct"": 0.0, ""slippage_pct"": 0.0015, ""stop_gap_ratio_floor"": 0.3, ""stop_signal_threshold"": 999.0, ""switch_hurdle_pct"": 0.03}",-0.055654,0.106367,-0.103988,0.4669,272,242,0.08037
ratio_1p5_or_mny_1p6_scale_0p25,期权型低估且价格/债底 > 1.5 或正股/转股价 > 1.6 时，买入金额和排序金额乘以 0.25,2023,20230101,20231231,"{""description"": ""\u671f\u6743\u578b\u4f4e\u4f30\u4e14\u4ef7\u683c/\u503a\u5e95 > 1.5 \u6216\u6b63\u80a1/\u8f6c\u80a1\u4ef7 > 1.6 \u65f6\uff0c\u4e70\u5165\u91d1\u989d\u548c\u6392\u5e8f\u91d1\u989d\u4e58\u4ee5 0.25"", ""mode"": ""ratio_or_moneyness"", ""moneyness_threshold"": 1.6, ""name"": ""ratio_1p5_or_mny_1p6_scale_0p25"", ""position_scale"": 0.25, ""ratio_threshold"": 1.5}","{""candidate_position_scale_enabled"": 1.0, ""cost_model_enabled"": 1.0, ""holding_cost_pct"": 0.0, ""market_impact_cap_pct"": 0.02, ""market_impact_coeff"": 0.001, ""max_hold_days"": 180.0, ""min_gap_pct"": 0.0, ""sell_gap_pct"": 0.0, ""slippage_pct"": 0.0015, ""stop_gap_ratio_floor"": 0.3, ""stop_signal_threshold"": 999.0, ""switch_hurdle_pct"": 0.03}",-0.028505,-0.000885,-0.08395,0.4597,298,242,-0.021872
ratio_1p5_or_mny_1p6_scale_0p25,期权型低估且价格/债底 > 1.5 或正股/转股价 > 1.6 时，买入金额和排序金额乘以 0.25,2024,20240101,20241231,"{""description"": ""\u671f\u6743\u578b\u4f4e\u4f30\u4e14\u4ef7\u683c/\u503a\u5e95 > 1.5 \u6216\u6b63\u80a1/\u8f6c\u80a1\u4ef7 > 1.6 \u65f6\uff0c\u4e70\u5165\u91d1\u989d\u548c\u6392\u5e8f\u91d1\u989d\u4e58\u4ee5 0.25"", ""mode"": ""ratio_or_moneyness"", ""moneyness_threshold"": 1.6, ""name"": ""ratio_1p5_or_mny_1p6_scale_0p25"", ""position_scale"": 0.25, ""ratio_threshold"": 1.5}","{""candidate_position_scale_enabled"": 1.0, ""cost_model_enabled"": 1.0, ""holding_cost_pct"": 0.0, ""market_impact_cap_pct"": 0.02, ""market_impact_coeff"": 0.001, ""max_hold_days"": 180.0, ""min_gap_pct"": 0.0, ""sell_gap_pct"": 0.0, ""slippage_pct"": 0.0015, ""stop_gap_ratio_floor"": 0.3, ""stop_signal_threshold"": 999.0, ""switch_hurdle_pct"": 0.03}",0.006137,0.010495,-0.166195,0.4652,230,242,-0.031054
progressive_stocklike_position_scale,越像股票、越远离债底，买入金额和排序金额越低,2019,20190101,20191231,"{""description"": ""\u8d8a\u50cf\u80a1\u7968\u3001\u8d8a\u8fdc\u79bb\u503a\u5e95\uff0c\u4e70\u5165\u91d1\u989d\u548c\u6392\u5e8f\u91d1\u989d\u8d8a\u4f4e"", ""mode"": ""progressive"", ""name"": ""progressive_stocklike_position_scale""}","{""candidate_position_scale_enabled"": 1.0, ""cost_model_enabled"": 1.0, ""holding_cost_pct"": 0.0, ""market_impact_cap_pct"": 0.02, ""market_impact_coeff"": 0.001, ""max_hold_days"": 180.0, ""min_gap_pct"": 0.0, ""sell_gap_pct"": 0.0, ""slippage_pct"": 0.0015, ""stop_gap_ratio_floor"": 0.3, ""stop_signal_threshold"": 999.0, ""switch_hurdle_pct"": 0.03}",0.29801,0.090645,-0.122899,0.6325,166,244,0.05992
progressive_stocklike_position_scale,越像股票、越远离债底，买入金额和排序金额越低,2020,20200101,20201231,"{""description"": ""\u8d8a\u50cf\u80a1\u7968\u3001\u8d8a\u8fdc\u79bb\u503a\u5e95\uff0c\u4e70\u5165\u91d1\u989d\u548c\u6392\u5e8f\u91d1\u989d\u8d8a\u4f4e"", ""mode"": ""progressive"", ""name"": ""progressive_stocklike_position_scale""}","{""candidate_position_scale_enabled"": 1.0, ""cost_model_enabled"": 1.0, ""holding_cost_pct"": 0.0, ""market_impact_cap_pct"": 0.02, ""market_impact_coeff"": 0.001, ""max_hold_days"": 180.0, ""min_gap_pct"": 0.0, ""sell_gap_pct"": 0.0, ""slippage_pct"": 0.0015, ""stop_gap_ratio_floor"": 0.3, ""stop_signal_threshold"": 999.0, ""switch_hurdle_pct"": 0.03}",-0.046826,-0.150993,-0.135423,0.3636,110,243,-0.184849
progressive_stocklike_position_scale,越像股票、越远离债底，买入金额和排序金额越低,2021,20210101,20211231,"{""description"": ""\u8d8a\u50cf\u80a1\u7968\u3001\u8d8a\u8fdc\u79bb\u503a\u5e95\uff0c\u4e70\u5165\u91d1\u989d\u548c\u6392\u5e8f\u91d1\u989d\u8d8a\u4f4e"", ""mode"": ""progressive"", ""name"": ""progressive_stocklike_position_scale""}","{""candidate_position_scale_enabled"": 1.0, ""cost_model_enabled"": 1.0, ""holding_cost_pct"": 0.0, ""market_impact_cap_pct"": 0.02, ""market_impact_coeff"": 0.001, ""max_hold_days"": 180.0, ""min_gap_pct"": 0.0, ""sell_gap_pct"": 0.0, ""slippage_pct"": 0.0015, ""stop_gap_ratio_floor"": 0.3, ""stop_signal_threshold"": 999.0, ""switch_hurdle_pct"": 0.03}",0.147382,0.025684,-0.120152,0.6205,224,243,-0.004354
progressive_stocklike_position_scale,越像股票、越远离债底，买入金额和排序金额越低,2022,20220101,20221231,"{""description"": ""\u8d8a\u50cf\u80a1\u7968\u3001\u8d8a\u8fdc\u79bb\u503a\u5e95\uff0c\u4e70\u5165\u91d1\u989d\u548c\u6392\u5e8f\u91d1\u989d\u8d8a\u4f4e"", ""mode"": ""progressive"", ""name"": ""progressive_stocklike_position_scale""}","{""candidate_position_scale_enabled"": 1.0, ""cost_model_enabled"": 1.0, ""holding_cost_pct"": 0.0, ""market_impact_cap_pct"": 0.02, ""market_impact_coeff"": 0.001, ""max_hold_days"": 180.0, ""min_gap_pct"": 0.0, ""sell_gap_pct"": 0.0, ""slippage_pct"": 0.0015, ""stop_gap_ratio_floor"": 0.3, ""stop_signal_threshold"": 999.0, ""switch_hurdle_pct"": 0.03}",-0.025759,0.136262,-0.105964,0.4608,217,242,0.109771
progressive_stocklike_position_scale,越像股票、越远离债底，买入金额和排序金额越低,2023,20230101,20231231,"{""description"": ""\u8d8a\u50cf\u80a1\u7968\u3001\u8d8a\u8fdc\u79bb\u503a\u5e95\uff0c\u4e70\u5165\u91d1\u989d\u548c\u6392\u5e8f\u91d1\u989d\u8d8a\u4f4e"", ""mode"": ""progressive"", ""name"": ""progressive_stocklike_position_scale""}","{""candidate_position_scale_enabled"": 1.0, ""cost_model_enabled"": 1.0, ""holding_cost_pct"": 0.0, ""market_impact_cap_pct"": 0.02, ""market_impact_coeff"": 0.001, ""max_hold_days"": 180.0, ""min_gap_pct"": 0.0, ""sell_gap_pct"": 0.0, ""slippage_pct"": 0.0015, ""stop_gap_ratio_floor"": 0.3, ""stop_signal_threshold"": 999.0, ""switch_hurdle_pct"": 0.03}",-0.016014,0.011605,-0.067785,0.4148,176,242,-0.005341
progressive_stocklike_position_scale,越像股票、越远离债底，买入金额和排序金额越低,2024,20240101,20241231,"{""description"": ""\u8d8a\u50cf\u80a1\u7968\u3001\u8d8a\u8fdc\u79bb\u503a\u5e95\uff0c\u4e70\u5165\u91d1\u989d\u548c\u6392\u5e8f\u91d1\u989d\u8d8a\u4f4e"", ""mode"": ""progressive"", ""name"": ""progressive_stocklike_position_scale""}","{""candidate_position_scale_enabled"": 1.0, ""cost_model_enabled"": 1.0, ""holding_cost_pct"": 0.0, ""market_impact_cap_pct"": 0.02, ""market_impact_coeff"": 0.001, ""max_hold_days"": 180.0, ""min_gap_pct"": 0.0, ""sell_gap_pct"": 0.0, ""slippage_pct"": 0.0015, ""stop_gap_ratio_floor"": 0.3, ""stop_signal_threshold"": 999.0, ""switch_hurdle_pct"": 0.03}",0.028144,0.032502,-0.157252,0.4504,262,242,-0.006811
