name,description,period,start,end,haircut_config_json,params_json,total_return,excess_return,max_drawdown,win_rate,total_trades,n_days,score
baseline_no_haircut,当前主策略估值，不调整期权价值,2019,20190101,20191231,"{""description"": ""\u5f53\u524d\u4e3b\u7b56\u7565\u4f30\u503c\uff0c\u4e0d\u8c03\u6574\u671f\u6743\u4ef7\u503c"", ""mode"": ""none"", ""name"": ""baseline_no_haircut""}","{""cost_model_enabled"": 1.0, ""holding_cost_pct"": 0.0, ""market_impact_cap_pct"": 0.02, ""market_impact_coeff"": 0.001, ""max_hold_days"": 180.0, ""min_gap_pct"": 0.0, ""sell_gap_pct"": 0.0, ""slippage_pct"": 0.0015, ""stop_gap_ratio_floor"": 0.3, ""stop_signal_threshold"": 999.0, ""switch_hurdle_pct"": 0.03}",0.379211,0.171845,-0.107991,0.5854,164,244,0.144847
baseline_no_haircut,当前主策略估值，不调整期权价值,2020,20200101,20201231,"{""description"": ""\u5f53\u524d\u4e3b\u7b56\u7565\u4f30\u503c\uff0c\u4e0d\u8c03\u6574\u671f\u6743\u4ef7\u503c"", ""mode"": ""none"", ""name"": ""baseline_no_haircut""}","{""cost_model_enabled"": 1.0, ""holding_cost_pct"": 0.0, ""market_impact_cap_pct"": 0.02, ""market_impact_coeff"": 0.001, ""max_hold_days"": 180.0, ""min_gap_pct"": 0.0, ""sell_gap_pct"": 0.0, ""slippage_pct"": 0.0015, ""stop_gap_ratio_floor"": 0.3, ""stop_signal_threshold"": 999.0, ""switch_hurdle_pct"": 0.03}",-0.090593,-0.19476,-0.179066,0.2933,75,243,-0.239526
baseline_no_haircut,当前主策略估值，不调整期权价值,2021,20210101,20211231,"{""description"": ""\u5f53\u524d\u4e3b\u7b56\u7565\u4f30\u503c\uff0c\u4e0d\u8c03\u6574\u671f\u6743\u4ef7\u503c"", ""mode"": ""none"", ""name"": ""baseline_no_haircut""}","{""cost_model_enabled"": 1.0, ""holding_cost_pct"": 0.0, ""market_impact_cap_pct"": 0.02, ""market_impact_coeff"": 0.001, ""max_hold_days"": 180.0, ""min_gap_pct"": 0.0, ""sell_gap_pct"": 0.0, ""slippage_pct"": 0.0015, ""stop_gap_ratio_floor"": 0.3, ""stop_signal_threshold"": 999.0, ""switch_hurdle_pct"": 0.03}",0.06207,-0.059628,-0.092588,0.5583,120,243,-0.082775
baseline_no_haircut,当前主策略估值，不调整期权价值,2022,20220101,20221231,"{""description"": ""\u5f53\u524d\u4e3b\u7b56\u7565\u4f30\u503c\uff0c\u4e0d\u8c03\u6574\u671f\u6743\u4ef7\u503c"", ""mode"": ""none"", ""name"": ""baseline_no_haircut""}","{""cost_model_enabled"": 1.0, ""holding_cost_pct"": 0.0, ""market_impact_cap_pct"": 0.02, ""market_impact_coeff"": 0.001, ""max_hold_days"": 180.0, ""min_gap_pct"": 0.0, ""sell_gap_pct"": 0.0, ""slippage_pct"": 0.0015, ""stop_gap_ratio_floor"": 0.3, ""stop_signal_threshold"": 999.0, ""switch_hurdle_pct"": 0.03}",-0.154715,0.007306,-0.182667,0.3235,170,242,-0.038361
baseline_no_haircut,当前主策略估值，不调整期权价值,2023,20230101,20231231,"{""description"": ""\u5f53\u524d\u4e3b\u7b56\u7565\u4f30\u503c\uff0c\u4e0d\u8c03\u6574\u671f\u6743\u4ef7\u503c"", ""mode"": ""none"", ""name"": ""baseline_no_haircut""}","{""cost_model_enabled"": 1.0, ""holding_cost_pct"": 0.0, ""market_impact_cap_pct"": 0.02, ""market_impact_coeff"": 0.001, ""max_hold_days"": 180.0, ""min_gap_pct"": 0.0, ""sell_gap_pct"": 0.0, ""slippage_pct"": 0.0015, ""stop_gap_ratio_floor"": 0.3, ""stop_signal_threshold"": 999.0, ""switch_hurdle_pct"": 0.03}",-0.060919,-0.033299,-0.143572,0.354,161,242,-0.069192
baseline_no_haircut,当前主策略估值，不调整期权价值,2024,20240101,20241231,"{""description"": ""\u5f53\u524d\u4e3b\u7b56\u7565\u4f30\u503c\uff0c\u4e0d\u8c03\u6574\u671f\u6743\u4ef7\u503c"", ""mode"": ""none"", ""name"": ""baseline_no_haircut""}","{""cost_model_enabled"": 1.0, ""holding_cost_pct"": 0.0, ""market_impact_cap_pct"": 0.02, ""market_impact_coeff"": 0.001, ""max_hold_days"": 180.0, ""min_gap_pct"": 0.0, ""sell_gap_pct"": 0.0, ""slippage_pct"": 0.0015, ""stop_gap_ratio_floor"": 0.3, ""stop_signal_threshold"": 999.0, ""switch_hurdle_pct"": 0.03}",-0.010761,-0.006403,-0.176414,0.4542,251,242,-0.050506
ratio_1p4_weight_0p75,期权型低估且价格/债底 > 1.4 时，期权价值乘以 0.75,2019,20190101,20191231,"{""description"": ""\u671f\u6743\u578b\u4f4e\u4f30\u4e14\u4ef7\u683c/\u503a\u5e95 > 1.4 \u65f6\uff0c\u671f\u6743\u4ef7\u503c\u4e58\u4ee5 0.75"", ""mode"": ""ratio"", ""name"": ""ratio_1p4_weight_0p75"", ""option_weight"": 0.75, ""ratio_threshold"": 1.4}","{""cost_model_enabled"": 1.0, ""holding_cost_pct"": 0.0, ""market_impact_cap_pct"": 0.02, ""market_impact_coeff"": 0.001, ""max_hold_days"": 180.0, ""min_gap_pct"": 0.0, ""sell_gap_pct"": 0.0, ""slippage_pct"": 0.0015, ""stop_gap_ratio_floor"": 0.3, ""stop_signal_threshold"": 999.0, ""switch_hurdle_pct"": 0.03}",0.275654,0.068288,-0.127174,0.6201,179,244,0.036494
ratio_1p4_weight_0p75,期权型低估且价格/债底 > 1.4 时，期权价值乘以 0.75,2020,20200101,20201231,"{""description"": ""\u671f\u6743\u578b\u4f4e\u4f30\u4e14\u4ef7\u683c/\u503a\u5e95 > 1.4 \u65f6\uff0c\u671f\u6743\u4ef7\u503c\u4e58\u4ee5 0.75"", ""mode"": ""ratio"", ""name"": ""ratio_1p4_weight_0p75"", ""option_weight"": 0.75, ""ratio_threshold"": 1.4}","{""cost_model_enabled"": 1.0, ""holding_cost_pct"": 0.0, ""market_impact_cap_pct"": 0.02, ""market_impact_coeff"": 0.001, ""max_hold_days"": 180.0, ""min_gap_pct"": 0.0, ""sell_gap_pct"": 0.0, ""slippage_pct"": 0.0015, ""stop_gap_ratio_floor"": 0.3, ""stop_signal_threshold"": 999.0, ""switch_hurdle_pct"": 0.03}",-0.089675,-0.193841,-0.175029,0.2785,79,243,-0.237598
ratio_1p4_weight_0p75,期权型低估且价格/债底 > 1.4 时，期权价值乘以 0.75,2021,20210101,20211231,"{""description"": ""\u671f\u6743\u578b\u4f4e\u4f30\u4e14\u4ef7\u683c/\u503a\u5e95 > 1.4 \u65f6\uff0c\u671f\u6743\u4ef7\u503c\u4e58\u4ee5 0.75"", ""mode"": ""ratio"", ""name"": ""ratio_1p4_weight_0p75"", ""option_weight"": 0.75, ""ratio_threshold"": 1.4}","{""cost_model_enabled"": 1.0, ""holding_cost_pct"": 0.0, ""market_impact_cap_pct"": 0.02, ""market_impact_coeff"": 0.001, ""max_hold_days"": 180.0, ""min_gap_pct"": 0.0, ""sell_gap_pct"": 0.0, ""slippage_pct"": 0.0015, ""stop_gap_ratio_floor"": 0.3, ""stop_signal_threshold"": 999.0, ""switch_hurdle_pct"": 0.03}",0.082218,-0.03948,-0.080369,0.64,150,243,-0.059572
ratio_1p4_weight_0p75,期权型低估且价格/债底 > 1.4 时，期权价值乘以 0.75,2022,20220101,20221231,"{""description"": ""\u671f\u6743\u578b\u4f4e\u4f30\u4e14\u4ef7\u683c/\u503a\u5e95 > 1.4 \u65f6\uff0c\u671f\u6743\u4ef7\u503c\u4e58\u4ee5 0.75"", ""mode"": ""ratio"", ""name"": ""ratio_1p4_weight_0p75"", ""option_weight"": 0.75, ""ratio_threshold"": 1.4}","{""cost_model_enabled"": 1.0, ""holding_cost_pct"": 0.0, ""market_impact_cap_pct"": 0.02, ""market_impact_coeff"": 0.001, ""max_hold_days"": 180.0, ""min_gap_pct"": 0.0, ""sell_gap_pct"": 0.0, ""slippage_pct"": 0.0015, ""stop_gap_ratio_floor"": 0.3, ""stop_signal_threshold"": 999.0, ""switch_hurdle_pct"": 0.03}",-0.095104,0.066917,-0.116573,0.4233,215,242,0.037774
ratio_1p4_weight_0p75,期权型低估且价格/债底 > 1.4 时，期权价值乘以 0.75,2023,20230101,20231231,"{""description"": ""\u671f\u6743\u578b\u4f4e\u4f30\u4e14\u4ef7\u683c/\u503a\u5e95 > 1.4 \u65f6\uff0c\u671f\u6743\u4ef7\u503c\u4e58\u4ee5 0.75"", ""mode"": ""ratio"", ""name"": ""ratio_1p4_weight_0p75"", ""option_weight"": 0.75, ""ratio_threshold"": 1.4}","{""cost_model_enabled"": 1.0, ""holding_cost_pct"": 0.0, ""market_impact_cap_pct"": 0.02, ""market_impact_coeff"": 0.001, ""max_hold_days"": 180.0, ""min_gap_pct"": 0.0, ""sell_gap_pct"": 0.0, ""slippage_pct"": 0.0015, ""stop_gap_ratio_floor"": 0.3, ""stop_signal_threshold"": 999.0, ""switch_hurdle_pct"": 0.03}",-0.062036,-0.034416,-0.124479,0.42,200,242,-0.065536
ratio_1p4_weight_0p75,期权型低估且价格/债底 > 1.4 时，期权价值乘以 0.75,2024,20240101,20241231,"{""description"": ""\u671f\u6743\u578b\u4f4e\u4f30\u4e14\u4ef7\u683c/\u503a\u5e95 > 1.4 \u65f6\uff0c\u671f\u6743\u4ef7\u503c\u4e58\u4ee5 0.75"", ""mode"": ""ratio"", ""name"": ""ratio_1p4_weight_0p75"", ""option_weight"": 0.75, ""ratio_threshold"": 1.4}","{""cost_model_enabled"": 1.0, ""holding_cost_pct"": 0.0, ""market_impact_cap_pct"": 0.02, ""market_impact_coeff"": 0.001, ""max_hold_days"": 180.0, ""min_gap_pct"": 0.0, ""sell_gap_pct"": 0.0, ""slippage_pct"": 0.0015, ""stop_gap_ratio_floor"": 0.3, ""stop_signal_threshold"": 999.0, ""switch_hurdle_pct"": 0.03}",-0.004923,-0.000565,-0.170413,0.4572,269,242,-0.043168
ratio_1p4_weight_0p5,期权型低估且价格/债底 > 1.4 时，期权价值乘以 0.5,2019,20190101,20191231,"{""description"": ""\u671f\u6743\u578b\u4f4e\u4f30\u4e14\u4ef7\u683c/\u503a\u5e95 > 1.4 \u65f6\uff0c\u671f\u6743\u4ef7\u503c\u4e58\u4ee5 0.5"", ""mode"": ""ratio"", ""name"": ""ratio_1p4_weight_0p5"", ""option_weight"": 0.5, ""ratio_threshold"": 1.4}","{""cost_model_enabled"": 1.0, ""holding_cost_pct"": 0.0, ""market_impact_cap_pct"": 0.02, ""market_impact_coeff"": 0.001, ""max_hold_days"": 180.0, ""min_gap_pct"": 0.0, ""sell_gap_pct"": 0.0, ""slippage_pct"": 0.0015, ""stop_gap_ratio_floor"": 0.3, ""stop_signal_threshold"": 999.0, ""switch_hurdle_pct"": 0.03}",0.263581,0.056215,-0.138766,0.6304,184,244,0.021524
ratio_1p4_weight_0p5,期权型低估且价格/债底 > 1.4 时，期权价值乘以 0.5,2020,20200101,20201231,"{""description"": ""\u671f\u6743\u578b\u4f4e\u4f30\u4e14\u4ef7\u683c/\u503a\u5e95 > 1.4 \u65f6\uff0c\u671f\u6743\u4ef7\u503c\u4e58\u4ee5 0.5"", ""mode"": ""ratio"", ""name"": ""ratio_1p4_weight_0p5"", ""option_weight"": 0.5, ""ratio_threshold"": 1.4}","{""cost_model_enabled"": 1.0, ""holding_cost_pct"": 0.0, ""market_impact_cap_pct"": 0.02, ""market_impact_coeff"": 0.001, ""max_hold_days"": 180.0, ""min_gap_pct"": 0.0, ""sell_gap_pct"": 0.0, ""slippage_pct"": 0.0015, ""stop_gap_ratio_floor"": 0.3, ""stop_signal_threshold"": 999.0, ""switch_hurdle_pct"": 0.03}",-0.073357,-0.177523,-0.158818,0.4157,89,243,-0.217227
ratio_1p4_weight_0p5,期权型低估且价格/债底 > 1.4 时，期权价值乘以 0.5,2021,20210101,20211231,"{""description"": ""\u671f\u6743\u578b\u4f4e\u4f30\u4e14\u4ef7\u683c/\u503a\u5e95 > 1.4 \u65f6\uff0c\u671f\u6743\u4ef7\u503c\u4e58\u4ee5 0.5"", ""mode"": ""ratio"", ""name"": ""ratio_1p4_weight_0p5"", ""option_weight"": 0.5, ""ratio_threshold"": 1.4}","{""cost_model_enabled"": 1.0, ""holding_cost_pct"": 0.0, ""market_impact_cap_pct"": 0.02, ""market_impact_coeff"": 0.001, ""max_hold_days"": 180.0, ""min_gap_pct"": 0.0, ""sell_gap_pct"": 0.0, ""slippage_pct"": 0.0015, ""stop_gap_ratio_floor"": 0.3, ""stop_signal_threshold"": 999.0, ""switch_hurdle_pct"": 0.03}",0.107325,-0.014373,-0.105379,0.7021,141,243,-0.040718
ratio_1p4_weight_0p5,期权型低估且价格/债底 > 1.4 时，期权价值乘以 0.5,2022,20220101,20221231,"{""description"": ""\u671f\u6743\u578b\u4f4e\u4f30\u4e14\u4ef7\u683c/\u503a\u5e95 > 1.4 \u65f6\uff0c\u671f\u6743\u4ef7\u503c\u4e58\u4ee5 0.5"", ""mode"": ""ratio"", ""name"": ""ratio_1p4_weight_0p5"", ""option_weight"": 0.5, ""ratio_threshold"": 1.4}","{""cost_model_enabled"": 1.0, ""holding_cost_pct"": 0.0, ""market_impact_cap_pct"": 0.02, ""market_impact_coeff"": 0.001, ""max_hold_days"": 180.0, ""min_gap_pct"": 0.0, ""sell_gap_pct"": 0.0, ""slippage_pct"": 0.0015, ""stop_gap_ratio_floor"": 0.3, ""stop_signal_threshold"": 999.0, ""switch_hurdle_pct"": 0.03}",-0.001215,0.160806,-0.083577,0.4818,220,242,0.139912
ratio_1p4_weight_0p5,期权型低估且价格/债底 > 1.4 时，期权价值乘以 0.5,2023,20230101,20231231,"{""description"": ""\u671f\u6743\u578b\u4f4e\u4f30\u4e14\u4ef7\u683c/\u503a\u5e95 > 1.4 \u65f6\uff0c\u671f\u6743\u4ef7\u503c\u4e58\u4ee5 0.5"", ""mode"": ""ratio"", ""name"": ""ratio_1p4_weight_0p5"", ""option_weight"": 0.5, ""ratio_threshold"": 1.4}","{""cost_model_enabled"": 1.0, ""holding_cost_pct"": 0.0, ""market_impact_cap_pct"": 0.02, ""market_impact_coeff"": 0.001, ""max_hold_days"": 180.0, ""min_gap_pct"": 0.0, ""sell_gap_pct"": 0.0, ""slippage_pct"": 0.0015, ""stop_gap_ratio_floor"": 0.3, ""stop_signal_threshold"": 999.0, ""switch_hurdle_pct"": 0.03}",-0.036872,-0.009253,-0.098641,0.5,236,242,-0.033913
ratio_1p4_weight_0p5,期权型低估且价格/债底 > 1.4 时，期权价值乘以 0.5,2024,20240101,20241231,"{""description"": ""\u671f\u6743\u578b\u4f4e\u4f30\u4e14\u4ef7\u683c/\u503a\u5e95 > 1.4 \u65f6\uff0c\u671f\u6743\u4ef7\u503c\u4e58\u4ee5 0.5"", ""mode"": ""ratio"", ""name"": ""ratio_1p4_weight_0p5"", ""option_weight"": 0.5, ""ratio_threshold"": 1.4}","{""cost_model_enabled"": 1.0, ""holding_cost_pct"": 0.0, ""market_impact_cap_pct"": 0.02, ""market_impact_coeff"": 0.001, ""max_hold_days"": 180.0, ""min_gap_pct"": 0.0, ""sell_gap_pct"": 0.0, ""slippage_pct"": 0.0015, ""stop_gap_ratio_floor"": 0.3, ""stop_signal_threshold"": 999.0, ""switch_hurdle_pct"": 0.03}",0.011832,0.016191,-0.167351,0.4784,278,242,-0.025647
ratio_1p5_weight_0p75,期权型低估且价格/债底 > 1.5 时，期权价值乘以 0.75,2019,20190101,20191231,"{""description"": ""\u671f\u6743\u578b\u4f4e\u4f30\u4e14\u4ef7\u683c/\u503a\u5e95 > 1.5 \u65f6\uff0c\u671f\u6743\u4ef7\u503c\u4e58\u4ee5 0.75"", ""mode"": ""ratio"", ""name"": ""ratio_1p5_weight_0p75"", ""option_weight"": 0.75, ""ratio_threshold"": 1.5}","{""cost_model_enabled"": 1.0, ""holding_cost_pct"": 0.0, ""market_impact_cap_pct"": 0.02, ""market_impact_coeff"": 0.001, ""max_hold_days"": 180.0, ""min_gap_pct"": 0.0, ""sell_gap_pct"": 0.0, ""slippage_pct"": 0.0015, ""stop_gap_ratio_floor"": 0.3, ""stop_signal_threshold"": 999.0, ""switch_hurdle_pct"": 0.03}",0.237864,0.030498,-0.136812,0.6104,154,244,-0.003705
ratio_1p5_weight_0p75,期权型低估且价格/债底 > 1.5 时，期权价值乘以 0.75,2020,20200101,20201231,"{""description"": ""\u671f\u6743\u578b\u4f4e\u4f30\u4e14\u4ef7\u683c/\u503a\u5e95 > 1.5 \u65f6\uff0c\u671f\u6743\u4ef7\u503c\u4e58\u4ee5 0.75"", ""mode"": ""ratio"", ""name"": ""ratio_1p5_weight_0p75"", ""option_weight"": 0.75, ""ratio_threshold"": 1.5}","{""cost_model_enabled"": 1.0, ""holding_cost_pct"": 0.0, ""market_impact_cap_pct"": 0.02, ""market_impact_coeff"": 0.001, ""max_hold_days"": 180.0, ""min_gap_pct"": 0.0, ""sell_gap_pct"": 0.0, ""slippage_pct"": 0.0015, ""stop_gap_ratio_floor"": 0.3, ""stop_signal_threshold"": 999.0, ""switch_hurdle_pct"": 0.03}",-0.086449,-0.190616,-0.173632,0.3585,106,243,-0.234024
ratio_1p5_weight_0p75,期权型低估且价格/债底 > 1.5 时，期权价值乘以 0.75,2021,20210101,20211231,"{""description"": ""\u671f\u6743\u578b\u4f4e\u4f30\u4e14\u4ef7\u683c/\u503a\u5e95 > 1.5 \u65f6\uff0c\u671f\u6743\u4ef7\u503c\u4e58\u4ee5 0.75"", ""mode"": ""ratio"", ""name"": ""ratio_1p5_weight_0p75"", ""option_weight"": 0.75, ""ratio_threshold"": 1.5}","{""cost_model_enabled"": 1.0, ""holding_cost_pct"": 0.0, ""market_impact_cap_pct"": 0.02, ""market_impact_coeff"": 0.001, ""max_hold_days"": 180.0, ""min_gap_pct"": 0.0, ""sell_gap_pct"": 0.0, ""slippage_pct"": 0.0015, ""stop_gap_ratio_floor"": 0.3, ""stop_signal_threshold"": 999.0, ""switch_hurdle_pct"": 0.03}",0.083104,-0.038594,-0.080092,0.6667,144,243,-0.058617
ratio_1p5_weight_0p75,期权型低估且价格/债底 > 1.5 时，期权价值乘以 0.75,2022,20220101,20221231,"{""description"": ""\u671f\u6743\u578b\u4f4e\u4f30\u4e14\u4ef7\u683c/\u503a\u5e95 > 1.5 \u65f6\uff0c\u671f\u6743\u4ef7\u503c\u4e58\u4ee5 0.75"", ""mode"": ""ratio"", ""name"": ""ratio_1p5_weight_0p75"", ""option_weight"": 0.75, ""ratio_threshold"": 1.5}","{""cost_model_enabled"": 1.0, ""holding_cost_pct"": 0.0, ""market_impact_cap_pct"": 0.02, ""market_impact_coeff"": 0.001, ""max_hold_days"": 180.0, ""min_gap_pct"": 0.0, ""sell_gap_pct"": 0.0, ""slippage_pct"": 0.0015, ""stop_gap_ratio_floor"": 0.3, ""stop_signal_threshold"": 999.0, ""switch_hurdle_pct"": 0.03}",-0.081249,0.080772,-0.126771,0.3804,184,242,0.049079
ratio_1p5_weight_0p75,期权型低估且价格/债底 > 1.5 时，期权价值乘以 0.75,2023,20230101,20231231,"{""description"": ""\u671f\u6743\u578b\u4f4e\u4f30\u4e14\u4ef7\u683c/\u503a\u5e95 > 1.5 \u65f6\uff0c\u671f\u6743\u4ef7\u503c\u4e58\u4ee5 0.75"", ""mode"": ""ratio"", ""name"": ""ratio_1p5_weight_0p75"", ""option_weight"": 0.75, ""ratio_threshold"": 1.5}","{""cost_model_enabled"": 1.0, ""holding_cost_pct"": 0.0, ""market_impact_cap_pct"": 0.02, ""market_impact_coeff"": 0.001, ""max_hold_days"": 180.0, ""min_gap_pct"": 0.0, ""sell_gap_pct"": 0.0, ""slippage_pct"": 0.0015, ""stop_gap_ratio_floor"": 0.3, ""stop_signal_threshold"": 999.0, ""switch_hurdle_pct"": 0.03}",-0.066615,-0.038996,-0.135233,0.3799,179,242,-0.072804
ratio_1p5_weight_0p75,期权型低估且价格/债底 > 1.5 时，期权价值乘以 0.75,2024,20240101,20241231,"{""description"": ""\u671f\u6743\u578b\u4f4e\u4f30\u4e14\u4ef7\u683c/\u503a\u5e95 > 1.5 \u65f6\uff0c\u671f\u6743\u4ef7\u503c\u4e58\u4ee5 0.75"", ""mode"": ""ratio"", ""name"": ""ratio_1p5_weight_0p75"", ""option_weight"": 0.75, ""ratio_threshold"": 1.5}","{""cost_model_enabled"": 1.0, ""holding_cost_pct"": 0.0, ""market_impact_cap_pct"": 0.02, ""market_impact_coeff"": 0.001, ""max_hold_days"": 180.0, ""min_gap_pct"": 0.0, ""sell_gap_pct"": 0.0, ""slippage_pct"": 0.0015, ""stop_gap_ratio_floor"": 0.3, ""stop_signal_threshold"": 999.0, ""switch_hurdle_pct"": 0.03}",-0.021514,-0.017156,-0.170071,0.4363,259,242,-0.059674
ratio_1p5_weight_0p5,期权型低估且价格/债底 > 1.5 时，期权价值乘以 0.5,2019,20190101,20191231,"{""description"": ""\u671f\u6743\u578b\u4f4e\u4f30\u4e14\u4ef7\u683c/\u503a\u5e95 > 1.5 \u65f6\uff0c\u671f\u6743\u4ef7\u503c\u4e58\u4ee5 0.5"", ""mode"": ""ratio"", ""name"": ""ratio_1p5_weight_0p5"", ""option_weight"": 0.5, ""ratio_threshold"": 1.5}","{""cost_model_enabled"": 1.0, ""holding_cost_pct"": 0.0, ""market_impact_cap_pct"": 0.02, ""market_impact_coeff"": 0.001, ""max_hold_days"": 180.0, ""min_gap_pct"": 0.0, ""sell_gap_pct"": 0.0, ""slippage_pct"": 0.0015, ""stop_gap_ratio_floor"": 0.3, ""stop_signal_threshold"": 999.0, ""switch_hurdle_pct"": 0.03}",0.255564,0.048199,-0.139326,0.593,172,244,0.013367
ratio_1p5_weight_0p5,期权型低估且价格/债底 > 1.5 时，期权价值乘以 0.5,2020,20200101,20201231,"{""description"": ""\u671f\u6743\u578b\u4f4e\u4f30\u4e14\u4ef7\u683c/\u503a\u5e95 > 1.5 \u65f6\uff0c\u671f\u6743\u4ef7\u503c\u4e58\u4ee5 0.5"", ""mode"": ""ratio"", ""name"": ""ratio_1p5_weight_0p5"", ""option_weight"": 0.5, ""ratio_threshold"": 1.5}","{""cost_model_enabled"": 1.0, ""holding_cost_pct"": 0.0, ""market_impact_cap_pct"": 0.02, ""market_impact_coeff"": 0.001, ""max_hold_days"": 180.0, ""min_gap_pct"": 0.0, ""sell_gap_pct"": 0.0, ""slippage_pct"": 0.0015, ""stop_gap_ratio_floor"": 0.3, ""stop_signal_threshold"": 999.0, ""switch_hurdle_pct"": 0.03}",-0.054916,-0.159083,-0.151209,0.4253,87,243,-0.196885
ratio_1p5_weight_0p5,期权型低估且价格/债底 > 1.5 时，期权价值乘以 0.5,2021,20210101,20211231,"{""description"": ""\u671f\u6743\u578b\u4f4e\u4f30\u4e14\u4ef7\u683c/\u503a\u5e95 > 1.5 \u65f6\uff0c\u671f\u6743\u4ef7\u503c\u4e58\u4ee5 0.5"", ""mode"": ""ratio"", ""name"": ""ratio_1p5_weight_0p5"", ""option_weight"": 0.5, ""ratio_threshold"": 1.5}","{""cost_model_enabled"": 1.0, ""holding_cost_pct"": 0.0, ""market_impact_cap_pct"": 0.02, ""market_impact_coeff"": 0.001, ""max_hold_days"": 180.0, ""min_gap_pct"": 0.0, ""sell_gap_pct"": 0.0, ""slippage_pct"": 0.0015, ""stop_gap_ratio_floor"": 0.3, ""stop_signal_threshold"": 999.0, ""switch_hurdle_pct"": 0.03}",0.13893,0.017231,-0.079121,0.6936,173,243,-0.002549
ratio_1p5_weight_0p5,期权型低估且价格/债底 > 1.5 时，期权价值乘以 0.5,2022,20220101,20221231,"{""description"": ""\u671f\u6743\u578b\u4f4e\u4f30\u4e14\u4ef7\u683c/\u503a\u5e95 > 1.5 \u65f6\uff0c\u671f\u6743\u4ef7\u503c\u4e58\u4ee5 0.5"", ""mode"": ""ratio"", ""name"": ""ratio_1p5_weight_0p5"", ""option_weight"": 0.5, ""ratio_threshold"": 1.5}","{""cost_model_enabled"": 1.0, ""holding_cost_pct"": 0.0, ""market_impact_cap_pct"": 0.02, ""market_impact_coeff"": 0.001, ""max_hold_days"": 180.0, ""min_gap_pct"": 0.0, ""sell_gap_pct"": 0.0, ""slippage_pct"": 0.0015, ""stop_gap_ratio_floor"": 0.3, ""stop_signal_threshold"": 999.0, ""switch_hurdle_pct"": 0.03}",-0.033809,0.128212,-0.113149,0.4444,207,242,0.099925
ratio_1p5_weight_0p5,期权型低估且价格/债底 > 1.5 时，期权价值乘以 0.5,2023,20230101,20231231,"{""description"": ""\u671f\u6743\u578b\u4f4e\u4f30\u4e14\u4ef7\u683c/\u503a\u5e95 > 1.5 \u65f6\uff0c\u671f\u6743\u4ef7\u503c\u4e58\u4ee5 0.5"", ""mode"": ""ratio"", ""name"": ""ratio_1p5_weight_0p5"", ""option_weight"": 0.5, ""ratio_threshold"": 1.5}","{""cost_model_enabled"": 1.0, ""holding_cost_pct"": 0.0, ""market_impact_cap_pct"": 0.02, ""market_impact_coeff"": 0.001, ""max_hold_days"": 180.0, ""min_gap_pct"": 0.0, ""sell_gap_pct"": 0.0, ""slippage_pct"": 0.0015, ""stop_gap_ratio_floor"": 0.3, ""stop_signal_threshold"": 999.0, ""switch_hurdle_pct"": 0.03}",-0.045028,-0.017409,-0.111103,0.4564,195,242,-0.045185
ratio_1p5_weight_0p5,期权型低估且价格/债底 > 1.5 时，期权价值乘以 0.5,2024,20240101,20241231,"{""description"": ""\u671f\u6743\u578b\u4f4e\u4f30\u4e14\u4ef7\u683c/\u503a\u5e95 > 1.5 \u65f6\uff0c\u671f\u6743\u4ef7\u503c\u4e58\u4ee5 0.5"", ""mode"": ""ratio"", ""name"": ""ratio_1p5_weight_0p5"", ""option_weight"": 0.5, ""ratio_threshold"": 1.5}","{""cost_model_enabled"": 1.0, ""holding_cost_pct"": 0.0, ""market_impact_cap_pct"": 0.02, ""market_impact_coeff"": 0.001, ""max_hold_days"": 180.0, ""min_gap_pct"": 0.0, ""sell_gap_pct"": 0.0, ""slippage_pct"": 0.0015, ""stop_gap_ratio_floor"": 0.3, ""stop_signal_threshold"": 999.0, ""switch_hurdle_pct"": 0.03}",-0.01298,-0.008622,-0.166735,0.4463,242,242,-0.050306
moneyness_1p6_weight_0p75,期权型低估且正股/转股价 > 1.6 时，期权价值乘以 0.75,2019,20190101,20191231,"{""description"": ""\u671f\u6743\u578b\u4f4e\u4f30\u4e14\u6b63\u80a1/\u8f6c\u80a1\u4ef7 > 1.6 \u65f6\uff0c\u671f\u6743\u4ef7\u503c\u4e58\u4ee5 0.75"", ""mode"": ""moneyness"", ""moneyness_threshold"": 1.6, ""name"": ""moneyness_1p6_weight_0p75"", ""option_weight"": 0.75}","{""cost_model_enabled"": 1.0, ""holding_cost_pct"": 0.0, ""market_impact_cap_pct"": 0.02, ""market_impact_coeff"": 0.001, ""max_hold_days"": 180.0, ""min_gap_pct"": 0.0, ""sell_gap_pct"": 0.0, ""slippage_pct"": 0.0015, ""stop_gap_ratio_floor"": 0.3, ""stop_signal_threshold"": 999.0, ""switch_hurdle_pct"": 0.03}",0.292087,0.084722,-0.130275,0.5882,153,244,0.052153
moneyness_1p6_weight_0p75,期权型低估且正股/转股价 > 1.6 时，期权价值乘以 0.75,2020,20200101,20201231,"{""description"": ""\u671f\u6743\u578b\u4f4e\u4f30\u4e14\u6b63\u80a1/\u8f6c\u80a1\u4ef7 > 1.6 \u65f6\uff0c\u671f\u6743\u4ef7\u503c\u4e58\u4ee5 0.75"", ""mode"": ""moneyness"", ""moneyness_threshold"": 1.6, ""name"": ""moneyness_1p6_weight_0p75"", ""option_weight"": 0.75}","{""cost_model_enabled"": 1.0, ""holding_cost_pct"": 0.0, ""market_impact_cap_pct"": 0.02, ""market_impact_coeff"": 0.001, ""max_hold_days"": 180.0, ""min_gap_pct"": 0.0, ""sell_gap_pct"": 0.0, ""slippage_pct"": 0.0015, ""stop_gap_ratio_floor"": 0.3, ""stop_signal_threshold"": 999.0, ""switch_hurdle_pct"": 0.03}",-0.092429,-0.196596,-0.175356,0.3619,105,243,-0.240435
moneyness_1p6_weight_0p75,期权型低估且正股/转股价 > 1.6 时，期权价值乘以 0.75,2021,20210101,20211231,"{""description"": ""\u671f\u6743\u578b\u4f4e\u4f30\u4e14\u6b63\u80a1/\u8f6c\u80a1\u4ef7 > 1.6 \u65f6\uff0c\u671f\u6743\u4ef7\u503c\u4e58\u4ee5 0.75"", ""mode"": ""moneyness"", ""moneyness_threshold"": 1.6, ""name"": ""moneyness_1p6_weight_0p75"", ""option_weight"": 0.75}","{""cost_model_enabled"": 1.0, ""holding_cost_pct"": 0.0, ""market_impact_cap_pct"": 0.02, ""market_impact_coeff"": 0.001, ""max_hold_days"": 180.0, ""min_gap_pct"": 0.0, ""sell_gap_pct"": 0.0, ""slippage_pct"": 0.0015, ""stop_gap_ratio_floor"": 0.3, ""stop_signal_threshold"": 999.0, ""switch_hurdle_pct"": 0.03}",0.071935,-0.049763,-0.086759,0.5847,118,243,-0.071453
moneyness_1p6_weight_0p75,期权型低估且正股/转股价 > 1.6 时，期权价值乘以 0.75,2022,20220101,20221231,"{""description"": ""\u671f\u6743\u578b\u4f4e\u4f30\u4e14\u6b63\u80a1/\u8f6c\u80a1\u4ef7 > 1.6 \u65f6\uff0c\u671f\u6743\u4ef7\u503c\u4e58\u4ee5 0.75"", ""mode"": ""moneyness"", ""moneyness_threshold"": 1.6, ""name"": ""moneyness_1p6_weight_0p75"", ""option_weight"": 0.75}","{""cost_model_enabled"": 1.0, ""holding_cost_pct"": 0.0, ""market_impact_cap_pct"": 0.02, ""market_impact_coeff"": 0.001, ""max_hold_days"": 180.0, ""min_gap_pct"": 0.0, ""sell_gap_pct"": 0.0, ""slippage_pct"": 0.0015, ""stop_gap_ratio_floor"": 0.3, ""stop_signal_threshold"": 999.0, ""switch_hurdle_pct"": 0.03}",-0.113473,0.048548,-0.133684,0.3744,211,242,0.015127
moneyness_1p6_weight_0p75,期权型低估且正股/转股价 > 1.6 时，期权价值乘以 0.75,2023,20230101,20231231,"{""description"": ""\u671f\u6743\u578b\u4f4e\u4f30\u4e14\u6b63\u80a1/\u8f6c\u80a1\u4ef7 > 1.6 \u65f6\uff0c\u671f\u6743\u4ef7\u503c\u4e58\u4ee5 0.75"", ""mode"": ""moneyness"", ""moneyness_threshold"": 1.6, ""name"": ""moneyness_1p6_weight_0p75"", ""option_weight"": 0.75}","{""cost_model_enabled"": 1.0, ""holding_cost_pct"": 0.0, ""market_impact_cap_pct"": 0.02, ""market_impact_coeff"": 0.001, ""max_hold_days"": 180.0, ""min_gap_pct"": 0.0, ""sell_gap_pct"": 0.0, ""slippage_pct"": 0.0015, ""stop_gap_ratio_floor"": 0.3, ""stop_signal_threshold"": 999.0, ""switch_hurdle_pct"": 0.03}",-0.05953,-0.031911,-0.133164,0.3756,197,242,-0.065202
moneyness_1p6_weight_0p75,期权型低估且正股/转股价 > 1.6 时，期权价值乘以 0.75,2024,20240101,20241231,"{""description"": ""\u671f\u6743\u578b\u4f4e\u4f30\u4e14\u6b63\u80a1/\u8f6c\u80a1\u4ef7 > 1.6 \u65f6\uff0c\u671f\u6743\u4ef7\u503c\u4e58\u4ee5 0.75"", ""mode"": ""moneyness"", ""moneyness_threshold"": 1.6, ""name"": ""moneyness_1p6_weight_0p75"", ""option_weight"": 0.75}","{""cost_model_enabled"": 1.0, ""holding_cost_pct"": 0.0, ""market_impact_cap_pct"": 0.02, ""market_impact_coeff"": 0.001, ""max_hold_days"": 180.0, ""min_gap_pct"": 0.0, ""sell_gap_pct"": 0.0, ""slippage_pct"": 0.0015, ""stop_gap_ratio_floor"": 0.3, ""stop_signal_threshold"": 999.0, ""switch_hurdle_pct"": 0.03}",-0.010709,-0.006351,-0.17394,0.4643,252,242,-0.049836
moneyness_1p6_weight_0p5,期权型低估且正股/转股价 > 1.6 时，期权价值乘以 0.5,2019,20190101,20191231,"{""description"": ""\u671f\u6743\u578b\u4f4e\u4f30\u4e14\u6b63\u80a1/\u8f6c\u80a1\u4ef7 > 1.6 \u65f6\uff0c\u671f\u6743\u4ef7\u503c\u4e58\u4ee5 0.5"", ""mode"": ""moneyness"", ""moneyness_threshold"": 1.6, ""name"": ""moneyness_1p6_weight_0p5"", ""option_weight"": 0.5}","{""cost_model_enabled"": 1.0, ""holding_cost_pct"": 0.0, ""market_impact_cap_pct"": 0.02, ""market_impact_coeff"": 0.001, ""max_hold_days"": 180.0, ""min_gap_pct"": 0.0, ""sell_gap_pct"": 0.0, ""slippage_pct"": 0.0015, ""stop_gap_ratio_floor"": 0.3, ""stop_signal_threshold"": 999.0, ""switch_hurdle_pct"": 0.03}",0.290251,0.082886,-0.141615,0.62,150,244,0.047482
moneyness_1p6_weight_0p5,期权型低估且正股/转股价 > 1.6 时，期权价值乘以 0.5,2020,20200101,20201231,"{""description"": ""\u671f\u6743\u578b\u4f4e\u4f30\u4e14\u6b63\u80a1/\u8f6c\u80a1\u4ef7 > 1.6 \u65f6\uff0c\u671f\u6743\u4ef7\u503c\u4e58\u4ee5 0.5"", ""mode"": ""moneyness"", ""moneyness_threshold"": 1.6, ""name"": ""moneyness_1p6_weight_0p5"", ""option_weight"": 0.5}","{""cost_model_enabled"": 1.0, ""holding_cost_pct"": 0.0, ""market_impact_cap_pct"": 0.02, ""market_impact_coeff"": 0.001, ""max_hold_days"": 180.0, ""min_gap_pct"": 0.0, ""sell_gap_pct"": 0.0, ""slippage_pct"": 0.0015, ""stop_gap_ratio_floor"": 0.3, ""stop_signal_threshold"": 999.0, ""switch_hurdle_pct"": 0.03}",-0.045441,-0.149608,-0.128892,0.427,89,243,-0.181831
moneyness_1p6_weight_0p5,期权型低估且正股/转股价 > 1.6 时，期权价值乘以 0.5,2021,20210101,20211231,"{""description"": ""\u671f\u6743\u578b\u4f4e\u4f30\u4e14\u6b63\u80a1/\u8f6c\u80a1\u4ef7 > 1.6 \u65f6\uff0c\u671f\u6743\u4ef7\u503c\u4e58\u4ee5 0.5"", ""mode"": ""moneyness"", ""moneyness_threshold"": 1.6, ""name"": ""moneyness_1p6_weight_0p5"", ""option_weight"": 0.5}","{""cost_model_enabled"": 1.0, ""holding_cost_pct"": 0.0, ""market_impact_cap_pct"": 0.02, ""market_impact_coeff"": 0.001, ""max_hold_days"": 180.0, ""min_gap_pct"": 0.0, ""sell_gap_pct"": 0.0, ""slippage_pct"": 0.0015, ""stop_gap_ratio_floor"": 0.3, ""stop_signal_threshold"": 999.0, ""switch_hurdle_pct"": 0.03}",0.166282,0.044583,-0.102725,0.6146,192,243,0.018902
moneyness_1p6_weight_0p5,期权型低估且正股/转股价 > 1.6 时，期权价值乘以 0.5,2022,20220101,20221231,"{""description"": ""\u671f\u6743\u578b\u4f4e\u4f30\u4e14\u6b63\u80a1/\u8f6c\u80a1\u4ef7 > 1.6 \u65f6\uff0c\u671f\u6743\u4ef7\u503c\u4e58\u4ee5 0.5"", ""mode"": ""moneyness"", ""moneyness_threshold"": 1.6, ""name"": ""moneyness_1p6_weight_0p5"", ""option_weight"": 0.5}","{""cost_model_enabled"": 1.0, ""holding_cost_pct"": 0.0, ""market_impact_cap_pct"": 0.02, ""market_impact_coeff"": 0.001, ""max_hold_days"": 180.0, ""min_gap_pct"": 0.0, ""sell_gap_pct"": 0.0, ""slippage_pct"": 0.0015, ""stop_gap_ratio_floor"": 0.3, ""stop_signal_threshold"": 999.0, ""switch_hurdle_pct"": 0.03}",-0.07051,0.091511,-0.114904,0.4708,257,242,0.062785
moneyness_1p6_weight_0p5,期权型低估且正股/转股价 > 1.6 时，期权价值乘以 0.5,2023,20230101,20231231,"{""description"": ""\u671f\u6743\u578b\u4f4e\u4f30\u4e14\u6b63\u80a1/\u8f6c\u80a1\u4ef7 > 1.6 \u65f6\uff0c\u671f\u6743\u4ef7\u503c\u4e58\u4ee5 0.5"", ""mode"": ""moneyness"", ""moneyness_threshold"": 1.6, ""name"": ""moneyness_1p6_weight_0p5"", ""option_weight"": 0.5}","{""cost_model_enabled"": 1.0, ""holding_cost_pct"": 0.0, ""market_impact_cap_pct"": 0.02, ""market_impact_coeff"": 0.001, ""max_hold_days"": 180.0, ""min_gap_pct"": 0.0, ""sell_gap_pct"": 0.0, ""slippage_pct"": 0.0015, ""stop_gap_ratio_floor"": 0.3, ""stop_signal_threshold"": 999.0, ""switch_hurdle_pct"": 0.03}",-0.032425,-0.004805,-0.108941,0.4644,267,242,-0.03204
moneyness_1p6_weight_0p5,期权型低估且正股/转股价 > 1.6 时，期权价值乘以 0.5,2024,20240101,20241231,"{""description"": ""\u671f\u6743\u578b\u4f4e\u4f30\u4e14\u6b63\u80a1/\u8f6c\u80a1\u4ef7 > 1.6 \u65f6\uff0c\u671f\u6743\u4ef7\u503c\u4e58\u4ee5 0.5"", ""mode"": ""moneyness"", ""moneyness_threshold"": 1.6, ""name"": ""moneyness_1p6_weight_0p5"", ""option_weight"": 0.5}","{""cost_model_enabled"": 1.0, ""holding_cost_pct"": 0.0, ""market_impact_cap_pct"": 0.02, ""market_impact_coeff"": 0.001, ""max_hold_days"": 180.0, ""min_gap_pct"": 0.0, ""sell_gap_pct"": 0.0, ""slippage_pct"": 0.0015, ""stop_gap_ratio_floor"": 0.3, ""stop_signal_threshold"": 999.0, ""switch_hurdle_pct"": 0.03}",-0.010242,-0.005883,-0.173552,0.4528,254,242,-0.049271
ratio_1p5_or_mny_1p6_weight_0p75,期权型低估且价格/债底 > 1.5 或正股/转股价 > 1.6 时，期权价值乘以 0.75,2019,20190101,20191231,"{""description"": ""\u671f\u6743\u578b\u4f4e\u4f30\u4e14\u4ef7\u683c/\u503a\u5e95 > 1.5 \u6216\u6b63\u80a1/\u8f6c\u80a1\u4ef7 > 1.6 \u65f6\uff0c\u671f\u6743\u4ef7\u503c\u4e58\u4ee5 0.75"", ""mode"": ""ratio_or_moneyness"", ""moneyness_threshold"": 1.6, ""name"": ""ratio_1p5_or_mny_1p6_weight_0p75"", ""option_weight"": 0.75, ""ratio_threshold"": 1.5}","{""cost_model_enabled"": 1.0, ""holding_cost_pct"": 0.0, ""market_impact_cap_pct"": 0.02, ""market_impact_coeff"": 0.001, ""max_hold_days"": 180.0, ""min_gap_pct"": 0.0, ""sell_gap_pct"": 0.0, ""slippage_pct"": 0.0015, ""stop_gap_ratio_floor"": 0.3, ""stop_signal_threshold"": 999.0, ""switch_hurdle_pct"": 0.03}",0.23913,0.031765,-0.135867,0.5974,154,244,-0.002202
ratio_1p5_or_mny_1p6_weight_0p75,期权型低估且价格/债底 > 1.5 或正股/转股价 > 1.6 时，期权价值乘以 0.75,2020,20200101,20201231,"{""description"": ""\u671f\u6743\u578b\u4f4e\u4f30\u4e14\u4ef7\u683c/\u503a\u5e95 > 1.5 \u6216\u6b63\u80a1/\u8f6c\u80a1\u4ef7 > 1.6 \u65f6\uff0c\u671f\u6743\u4ef7\u503c\u4e58\u4ee5 0.75"", ""mode"": ""ratio_or_moneyness"", ""moneyness_threshold"": 1.6, ""name"": ""ratio_1p5_or_mny_1p6_weight_0p75"", ""option_weight"": 0.75, ""ratio_threshold"": 1.5}","{""cost_model_enabled"": 1.0, ""holding_cost_pct"": 0.0, ""market_impact_cap_pct"": 0.02, ""market_impact_coeff"": 0.001, ""max_hold_days"": 180.0, ""min_gap_pct"": 0.0, ""sell_gap_pct"": 0.0, ""slippage_pct"": 0.0015, ""stop_gap_ratio_floor"": 0.3, ""stop_signal_threshold"": 999.0, ""switch_hurdle_pct"": 0.03}",-0.081013,-0.18518,-0.164672,0.3558,104,243,-0.226348
ratio_1p5_or_mny_1p6_weight_0p75,期权型低估且价格/债底 > 1.5 或正股/转股价 > 1.6 时，期权价值乘以 0.75,2021,20210101,20211231,"{""description"": ""\u671f\u6743\u578b\u4f4e\u4f30\u4e14\u4ef7\u683c/\u503a\u5e95 > 1.5 \u6216\u6b63\u80a1/\u8f6c\u80a1\u4ef7 > 1.6 \u65f6\uff0c\u671f\u6743\u4ef7\u503c\u4e58\u4ee5 0.75"", ""mode"": ""ratio_or_moneyness"", ""moneyness_threshold"": 1.6, ""name"": ""ratio_1p5_or_mny_1p6_weight_0p75"", ""option_weight"": 0.75, ""ratio_threshold"": 1.5}","{""cost_model_enabled"": 1.0, ""holding_cost_pct"": 0.0, ""market_impact_cap_pct"": 0.02, ""market_impact_coeff"": 0.001, ""max_hold_days"": 180.0, ""min_gap_pct"": 0.0, ""sell_gap_pct"": 0.0, ""slippage_pct"": 0.0015, ""stop_gap_ratio_floor"": 0.3, ""stop_signal_threshold"": 999.0, ""switch_hurdle_pct"": 0.03}",0.106889,-0.01481,-0.086759,0.6307,176,243,-0.0365
ratio_1p5_or_mny_1p6_weight_0p75,期权型低估且价格/债底 > 1.5 或正股/转股价 > 1.6 时，期权价值乘以 0.75,2022,20220101,20221231,"{""description"": ""\u671f\u6743\u578b\u4f4e\u4f30\u4e14\u4ef7\u683c/\u503a\u5e95 > 1.5 \u6216\u6b63\u80a1/\u8f6c\u80a1\u4ef7 > 1.6 \u65f6\uff0c\u671f\u6743\u4ef7\u503c\u4e58\u4ee5 0.75"", ""mode"": ""ratio_or_moneyness"", ""moneyness_threshold"": 1.6, ""name"": ""ratio_1p5_or_mny_1p6_weight_0p75"", ""option_weight"": 0.75, ""ratio_threshold"": 1.5}","{""cost_model_enabled"": 1.0, ""holding_cost_pct"": 0.0, ""market_impact_cap_pct"": 0.02, ""market_impact_coeff"": 0.001, ""max_hold_days"": 180.0, ""min_gap_pct"": 0.0, ""sell_gap_pct"": 0.0, ""slippage_pct"": 0.0015, ""stop_gap_ratio_floor"": 0.3, ""stop_signal_threshold"": 999.0, ""switch_hurdle_pct"": 0.03}",-0.102845,0.059176,-0.130844,0.4021,194,242,0.026465
ratio_1p5_or_mny_1p6_weight_0p75,期权型低估且价格/债底 > 1.5 或正股/转股价 > 1.6 时，期权价值乘以 0.75,2023,20230101,20231231,"{""description"": ""\u671f\u6743\u578b\u4f4e\u4f30\u4e14\u4ef7\u683c/\u503a\u5e95 > 1.5 \u6216\u6b63\u80a1/\u8f6c\u80a1\u4ef7 > 1.6 \u65f6\uff0c\u671f\u6743\u4ef7\u503c\u4e58\u4ee5 0.75"", ""mode"": ""ratio_or_moneyness"", ""moneyness_threshold"": 1.6, ""name"": ""ratio_1p5_or_mny_1p6_weight_0p75"", ""option_weight"": 0.75, ""ratio_threshold"": 1.5}","{""cost_model_enabled"": 1.0, ""holding_cost_pct"": 0.0, ""market_impact_cap_pct"": 0.02, ""market_impact_coeff"": 0.001, ""max_hold_days"": 180.0, ""min_gap_pct"": 0.0, ""sell_gap_pct"": 0.0, ""slippage_pct"": 0.0015, ""stop_gap_ratio_floor"": 0.3, ""stop_signal_threshold"": 999.0, ""switch_hurdle_pct"": 0.03}",-0.065835,-0.038215,-0.133205,0.3795,195,242,-0.071516
ratio_1p5_or_mny_1p6_weight_0p75,期权型低估且价格/债底 > 1.5 或正股/转股价 > 1.6 时，期权价值乘以 0.75,2024,20240101,20241231,"{""description"": ""\u671f\u6743\u578b\u4f4e\u4f30\u4e14\u4ef7\u683c/\u503a\u5e95 > 1.5 \u6216\u6b63\u80a1/\u8f6c\u80a1\u4ef7 > 1.6 \u65f6\uff0c\u671f\u6743\u4ef7\u503c\u4e58\u4ee5 0.75"", ""mode"": ""ratio_or_moneyness"", ""moneyness_threshold"": 1.6, ""name"": ""ratio_1p5_or_mny_1p6_weight_0p75"", ""option_weight"": 0.75, ""ratio_threshold"": 1.5}","{""cost_model_enabled"": 1.0, ""holding_cost_pct"": 0.0, ""market_impact_cap_pct"": 0.02, ""market_impact_coeff"": 0.001, ""max_hold_days"": 180.0, ""min_gap_pct"": 0.0, ""sell_gap_pct"": 0.0, ""slippage_pct"": 0.0015, ""stop_gap_ratio_floor"": 0.3, ""stop_signal_threshold"": 999.0, ""switch_hurdle_pct"": 0.03}",-0.021505,-0.017147,-0.170064,0.4363,259,242,-0.059663
ratio_1p5_or_mny_1p6_weight_0p5,期权型低估且价格/债底 > 1.5 或正股/转股价 > 1.6 时，期权价值乘以 0.5,2019,20190101,20191231,"{""description"": ""\u671f\u6743\u578b\u4f4e\u4f30\u4e14\u4ef7\u683c/\u503a\u5e95 > 1.5 \u6216\u6b63\u80a1/\u8f6c\u80a1\u4ef7 > 1.6 \u65f6\uff0c\u671f\u6743\u4ef7\u503c\u4e58\u4ee5 0.5"", ""mode"": ""ratio_or_moneyness"", ""moneyness_threshold"": 1.6, ""name"": ""ratio_1p5_or_mny_1p6_weight_0p5"", ""option_weight"": 0.5, ""ratio_threshold"": 1.5}","{""cost_model_enabled"": 1.0, ""holding_cost_pct"": 0.0, ""market_impact_cap_pct"": 0.02, ""market_impact_coeff"": 0.001, ""max_hold_days"": 180.0, ""min_gap_pct"": 0.0, ""sell_gap_pct"": 0.0, ""slippage_pct"": 0.0015, ""stop_gap_ratio_floor"": 0.3, ""stop_signal_threshold"": 999.0, ""switch_hurdle_pct"": 0.03}",0.242488,0.035123,-0.139681,0.6329,158,244,0.000203
ratio_1p5_or_mny_1p6_weight_0p5,期权型低估且价格/债底 > 1.5 或正股/转股价 > 1.6 时，期权价值乘以 0.5,2020,20200101,20201231,"{""description"": ""\u671f\u6743\u578b\u4f4e\u4f30\u4e14\u4ef7\u683c/\u503a\u5e95 > 1.5 \u6216\u6b63\u80a1/\u8f6c\u80a1\u4ef7 > 1.6 \u65f6\uff0c\u671f\u6743\u4ef7\u503c\u4e58\u4ee5 0.5"", ""mode"": ""ratio_or_moneyness"", ""moneyness_threshold"": 1.6, ""name"": ""ratio_1p5_or_mny_1p6_weight_0p5"", ""option_weight"": 0.5, ""ratio_threshold"": 1.5}","{""cost_model_enabled"": 1.0, ""holding_cost_pct"": 0.0, ""market_impact_cap_pct"": 0.02, ""market_impact_coeff"": 0.001, ""max_hold_days"": 180.0, ""min_gap_pct"": 0.0, ""sell_gap_pct"": 0.0, ""slippage_pct"": 0.0015, ""stop_gap_ratio_floor"": 0.3, ""stop_signal_threshold"": 999.0, ""switch_hurdle_pct"": 0.03}",-0.048819,-0.152985,-0.14128,0.4598,87,243,-0.188305
ratio_1p5_or_mny_1p6_weight_0p5,期权型低估且价格/债底 > 1.5 或正股/转股价 > 1.6 时，期权价值乘以 0.5,2021,20210101,20211231,"{""description"": ""\u671f\u6743\u578b\u4f4e\u4f30\u4e14\u4ef7\u683c/\u503a\u5e95 > 1.5 \u6216\u6b63\u80a1/\u8f6c\u80a1\u4ef7 > 1.6 \u65f6\uff0c\u671f\u6743\u4ef7\u503c\u4e58\u4ee5 0.5"", ""mode"": ""ratio_or_moneyness"", ""moneyness_threshold"": 1.6, ""name"": ""ratio_1p5_or_mny_1p6_weight_0p5"", ""option_weight"": 0.5, ""ratio_threshold"": 1.5}","{""cost_model_enabled"": 1.0, ""holding_cost_pct"": 0.0, ""market_impact_cap_pct"": 0.02, ""market_impact_coeff"": 0.001, ""max_hold_days"": 180.0, ""min_gap_pct"": 0.0, ""sell_gap_pct"": 0.0, ""slippage_pct"": 0.0015, ""stop_gap_ratio_floor"": 0.3, ""stop_signal_threshold"": 999.0, ""switch_hurdle_pct"": 0.03}",0.146006,0.024308,-0.102725,0.6429,210,243,-0.001373
ratio_1p5_or_mny_1p6_weight_0p5,期权型低估且价格/债底 > 1.5 或正股/转股价 > 1.6 时，期权价值乘以 0.5,2022,20220101,20221231,"{""description"": ""\u671f\u6743\u578b\u4f4e\u4f30\u4e14\u4ef7\u683c/\u503a\u5e95 > 1.5 \u6216\u6b63\u80a1/\u8f6c\u80a1\u4ef7 > 1.6 \u65f6\uff0c\u671f\u6743\u4ef7\u503c\u4e58\u4ee5 0.5"", ""mode"": ""ratio_or_moneyness"", ""moneyness_threshold"": 1.6, ""name"": ""ratio_1p5_or_mny_1p6_weight_0p5"", ""option_weight"": 0.5, ""ratio_threshold"": 1.5}","{""cost_model_enabled"": 1.0, ""holding_cost_pct"": 0.0, ""market_impact_cap_pct"": 0.02, ""market_impact_coeff"": 0.001, ""max_hold_days"": 180.0, ""min_gap_pct"": 0.0, ""sell_gap_pct"": 0.0, ""slippage_pct"": 0.0015, ""stop_gap_ratio_floor"": 0.3, ""stop_signal_threshold"": 999.0, ""switch_hurdle_pct"": 0.03}",-0.075484,0.086537,-0.113042,0.4531,256,242,0.058277
ratio_1p5_or_mny_1p6_weight_0p5,期权型低估且价格/债底 > 1.5 或正股/转股价 > 1.6 时，期权价值乘以 0.5,2023,20230101,20231231,"{""description"": ""\u671f\u6743\u578b\u4f4e\u4f30\u4e14\u4ef7\u683c/\u503a\u5e95 > 1.5 \u6216\u6b63\u80a1/\u8f6c\u80a1\u4ef7 > 1.6 \u65f6\uff0c\u671f\u6743\u4ef7\u503c\u4e58\u4ee5 0.5"", ""mode"": ""ratio_or_moneyness"", ""moneyness_threshold"": 1.6, ""name"": ""ratio_1p5_or_mny_1p6_weight_0p5"", ""option_weight"": 0.5, ""ratio_threshold"": 1.5}","{""cost_model_enabled"": 1.0, ""holding_cost_pct"": 0.0, ""market_impact_cap_pct"": 0.02, ""market_impact_coeff"": 0.001, ""max_hold_days"": 180.0, ""min_gap_pct"": 0.0, ""sell_gap_pct"": 0.0, ""slippage_pct"": 0.0015, ""stop_gap_ratio_floor"": 0.3, ""stop_signal_threshold"": 999.0, ""switch_hurdle_pct"": 0.03}",-0.042644,-0.015024,-0.107764,0.4737,285,242,-0.041965
ratio_1p5_or_mny_1p6_weight_0p5,期权型低估且价格/债底 > 1.5 或正股/转股价 > 1.6 时，期权价值乘以 0.5,2024,20240101,20241231,"{""description"": ""\u671f\u6743\u578b\u4f4e\u4f30\u4e14\u4ef7\u683c/\u503a\u5e95 > 1.5 \u6216\u6b63\u80a1/\u8f6c\u80a1\u4ef7 > 1.6 \u65f6\uff0c\u671f\u6743\u4ef7\u503c\u4e58\u4ee5 0.5"", ""mode"": ""ratio_or_moneyness"", ""moneyness_threshold"": 1.6, ""name"": ""ratio_1p5_or_mny_1p6_weight_0p5"", ""option_weight"": 0.5, ""ratio_threshold"": 1.5}","{""cost_model_enabled"": 1.0, ""holding_cost_pct"": 0.0, ""market_impact_cap_pct"": 0.02, ""market_impact_coeff"": 0.001, ""max_hold_days"": 180.0, ""min_gap_pct"": 0.0, ""sell_gap_pct"": 0.0, ""slippage_pct"": 0.0015, ""stop_gap_ratio_floor"": 0.3, ""stop_signal_threshold"": 999.0, ""switch_hurdle_pct"": 0.03}",-0.012594,-0.008236,-0.16638,0.4398,241,242,-0.049831
ratio_1p5_or_mny_1p6_weight_0p25,期权型低估且价格/债底 > 1.5 或正股/转股价 > 1.6 时，期权价值乘以 0.25,2019,20190101,20191231,"{""description"": ""\u671f\u6743\u578b\u4f4e\u4f30\u4e14\u4ef7\u683c/\u503a\u5e95 > 1.5 \u6216\u6b63\u80a1/\u8f6c\u80a1\u4ef7 > 1.6 \u65f6\uff0c\u671f\u6743\u4ef7\u503c\u4e58\u4ee5 0.25"", ""mode"": ""ratio_or_moneyness"", ""moneyness_threshold"": 1.6, ""name"": ""ratio_1p5_or_mny_1p6_weight_0p25"", ""option_weight"": 0.25, ""ratio_threshold"": 1.5}","{""cost_model_enabled"": 1.0, ""holding_cost_pct"": 0.0, ""market_impact_cap_pct"": 0.02, ""market_impact_coeff"": 0.001, ""max_hold_days"": 180.0, ""min_gap_pct"": 0.0, ""sell_gap_pct"": 0.0, ""slippage_pct"": 0.0015, ""stop_gap_ratio_floor"": 0.3, ""stop_signal_threshold"": 999.0, ""switch_hurdle_pct"": 0.03}",0.320021,0.112655,-0.105669,0.6687,163,244,0.086238
ratio_1p5_or_mny_1p6_weight_0p25,期权型低估且价格/债底 > 1.5 或正股/转股价 > 1.6 时，期权价值乘以 0.25,2020,20200101,20201231,"{""description"": ""\u671f\u6743\u578b\u4f4e\u4f30\u4e14\u4ef7\u683c/\u503a\u5e95 > 1.5 \u6216\u6b63\u80a1/\u8f6c\u80a1\u4ef7 > 1.6 \u65f6\uff0c\u671f\u6743\u4ef7\u503c\u4e58\u4ee5 0.25"", ""mode"": ""ratio_or_moneyness"", ""moneyness_threshold"": 1.6, ""name"": ""ratio_1p5_or_mny_1p6_weight_0p25"", ""option_weight"": 0.25, ""ratio_threshold"": 1.5}","{""cost_model_enabled"": 1.0, ""holding_cost_pct"": 0.0, ""market_impact_cap_pct"": 0.02, ""market_impact_coeff"": 0.001, ""max_hold_days"": 180.0, ""min_gap_pct"": 0.0, ""sell_gap_pct"": 0.0, ""slippage_pct"": 0.0015, ""stop_gap_ratio_floor"": 0.3, ""stop_signal_threshold"": 999.0, ""switch_hurdle_pct"": 0.03}",0.132064,0.027897,-0.08339,0.4812,133,243,0.00705
ratio_1p5_or_mny_1p6_weight_0p25,期权型低估且价格/债底 > 1.5 或正股/转股价 > 1.6 时，期权价值乘以 0.25,2021,20210101,20211231,"{""description"": ""\u671f\u6743\u578b\u4f4e\u4f30\u4e14\u4ef7\u683c/\u503a\u5e95 > 1.5 \u6216\u6b63\u80a1/\u8f6c\u80a1\u4ef7 > 1.6 \u65f6\uff0c\u671f\u6743\u4ef7\u503c\u4e58\u4ee5 0.25"", ""mode"": ""ratio_or_moneyness"", ""moneyness_threshold"": 1.6, ""name"": ""ratio_1p5_or_mny_1p6_weight_0p25"", ""option_weight"": 0.25, ""ratio_threshold"": 1.5}","{""cost_model_enabled"": 1.0, ""holding_cost_pct"": 0.0, ""market_impact_cap_pct"": 0.02, ""market_impact_coeff"": 0.001, ""max_hold_days"": 180.0, ""min_gap_pct"": 0.0, ""sell_gap_pct"": 0.0, ""slippage_pct"": 0.0015, ""stop_gap_ratio_floor"": 0.3, ""stop_signal_threshold"": 999.0, ""switch_hurdle_pct"": 0.03}",0.213959,0.092261,-0.118123,0.6892,251,243,0.06273
ratio_1p5_or_mny_1p6_weight_0p25,期权型低估且价格/债底 > 1.5 或正股/转股价 > 1.6 时，期权价值乘以 0.25,2022,20220101,20221231,"{""description"": ""\u671f\u6743\u578b\u4f4e\u4f30\u4e14\u4ef7\u683c/\u503a\u5e95 > 1.5 \u6216\u6b63\u80a1/\u8f6c\u80a1\u4ef7 > 1.6 \u65f6\uff0c\u671f\u6743\u4ef7\u503c\u4e58\u4ee5 0.25"", ""mode"": ""ratio_or_moneyness"", ""moneyness_threshold"": 1.6, ""name"": ""ratio_1p5_or_mny_1p6_weight_0p25"", ""option_weight"": 0.25, ""ratio_threshold"": 1.5}","{""cost_model_enabled"": 1.0, ""holding_cost_pct"": 0.0, ""market_impact_cap_pct"": 0.02, ""market_impact_coeff"": 0.001, ""max_hold_days"": 180.0, ""min_gap_pct"": 0.0, ""sell_gap_pct"": 0.0, ""slippage_pct"": 0.0015, ""stop_gap_ratio_floor"": 0.3, ""stop_signal_threshold"": 999.0, ""switch_hurdle_pct"": 0.03}",-0.080579,0.081442,-0.111775,0.4861,288,242,0.053498
ratio_1p5_or_mny_1p6_weight_0p25,期权型低估且价格/债底 > 1.5 或正股/转股价 > 1.6 时，期权价值乘以 0.25,2023,20230101,20231231,"{""description"": ""\u671f\u6743\u578b\u4f4e\u4f30\u4e14\u4ef7\u683c/\u503a\u5e95 > 1.5 \u6216\u6b63\u80a1/\u8f6c\u80a1\u4ef7 > 1.6 \u65f6\uff0c\u671f\u6743\u4ef7\u503c\u4e58\u4ee5 0.25"", ""mode"": ""ratio_or_moneyness"", ""moneyness_threshold"": 1.6, ""name"": ""ratio_1p5_or_mny_1p6_weight_0p25"", ""option_weight"": 0.25, ""ratio_threshold"": 1.5}","{""cost_model_enabled"": 1.0, ""holding_cost_pct"": 0.0, ""market_impact_cap_pct"": 0.02, ""market_impact_coeff"": 0.001, ""max_hold_days"": 180.0, ""min_gap_pct"": 0.0, ""sell_gap_pct"": 0.0, ""slippage_pct"": 0.0015, ""stop_gap_ratio_floor"": 0.3, ""stop_signal_threshold"": 999.0, ""switch_hurdle_pct"": 0.03}",-0.022241,0.005379,-0.08581,0.49,349,242,-0.016073
ratio_1p5_or_mny_1p6_weight_0p25,期权型低估且价格/债底 > 1.5 或正股/转股价 > 1.6 时，期权价值乘以 0.25,2024,20240101,20241231,"{""description"": ""\u671f\u6743\u578b\u4f4e\u4f30\u4e14\u4ef7\u683c/\u503a\u5e95 > 1.5 \u6216\u6b63\u80a1/\u8f6c\u80a1\u4ef7 > 1.6 \u65f6\uff0c\u671f\u6743\u4ef7\u503c\u4e58\u4ee5 0.25"", ""mode"": ""ratio_or_moneyness"", ""moneyness_threshold"": 1.6, ""name"": ""ratio_1p5_or_mny_1p6_weight_0p25"", ""option_weight"": 0.25, ""ratio_threshold"": 1.5}","{""cost_model_enabled"": 1.0, ""holding_cost_pct"": 0.0, ""market_impact_cap_pct"": 0.02, ""market_impact_coeff"": 0.001, ""max_hold_days"": 180.0, ""min_gap_pct"": 0.0, ""sell_gap_pct"": 0.0, ""slippage_pct"": 0.0015, ""stop_gap_ratio_floor"": 0.3, ""stop_signal_threshold"": 999.0, ""switch_hurdle_pct"": 0.03}",0.023626,0.027985,-0.167919,0.438,258,242,-0.013995
progressive_stocklike_haircut,越像股票、越远离债底，期权价值折减越强,2019,20190101,20191231,"{""description"": ""\u8d8a\u50cf\u80a1\u7968\u3001\u8d8a\u8fdc\u79bb\u503a\u5e95\uff0c\u671f\u6743\u4ef7\u503c\u6298\u51cf\u8d8a\u5f3a"", ""mode"": ""progressive"", ""name"": ""progressive_stocklike_haircut""}","{""cost_model_enabled"": 1.0, ""holding_cost_pct"": 0.0, ""market_impact_cap_pct"": 0.02, ""market_impact_coeff"": 0.001, ""max_hold_days"": 180.0, ""min_gap_pct"": 0.0, ""sell_gap_pct"": 0.0, ""slippage_pct"": 0.0015, ""stop_gap_ratio_floor"": 0.3, ""stop_signal_threshold"": 999.0, ""switch_hurdle_pct"": 0.03}",0.253205,0.045839,-0.136596,0.5944,180,244,0.01169
progressive_stocklike_haircut,越像股票、越远离债底，期权价值折减越强,2020,20200101,20201231,"{""description"": ""\u8d8a\u50cf\u80a1\u7968\u3001\u8d8a\u8fdc\u79bb\u503a\u5e95\uff0c\u671f\u6743\u4ef7\u503c\u6298\u51cf\u8d8a\u5f3a"", ""mode"": ""progressive"", ""name"": ""progressive_stocklike_haircut""}","{""cost_model_enabled"": 1.0, ""holding_cost_pct"": 0.0, ""market_impact_cap_pct"": 0.02, ""market_impact_coeff"": 0.001, ""max_hold_days"": 180.0, ""min_gap_pct"": 0.0, ""sell_gap_pct"": 0.0, ""slippage_pct"": 0.0015, ""stop_gap_ratio_floor"": 0.3, ""stop_signal_threshold"": 999.0, ""switch_hurdle_pct"": 0.03}",0.05162,-0.052547,-0.088823,0.481,79,243,-0.074753
progressive_stocklike_haircut,越像股票、越远离债底，期权价值折减越强,2021,20210101,20211231,"{""description"": ""\u8d8a\u50cf\u80a1\u7968\u3001\u8d8a\u8fdc\u79bb\u503a\u5e95\uff0c\u671f\u6743\u4ef7\u503c\u6298\u51cf\u8d8a\u5f3a"", ""mode"": ""progressive"", ""name"": ""progressive_stocklike_haircut""}","{""cost_model_enabled"": 1.0, ""holding_cost_pct"": 0.0, ""market_impact_cap_pct"": 0.02, ""market_impact_coeff"": 0.001, ""max_hold_days"": 180.0, ""min_gap_pct"": 0.0, ""sell_gap_pct"": 0.0, ""slippage_pct"": 0.0015, ""stop_gap_ratio_floor"": 0.3, ""stop_signal_threshold"": 999.0, ""switch_hurdle_pct"": 0.03}",0.153729,0.03203,-0.120394,0.6459,209,243,0.001932
progressive_stocklike_haircut,越像股票、越远离债底，期权价值折减越强,2022,20220101,20221231,"{""description"": ""\u8d8a\u50cf\u80a1\u7968\u3001\u8d8a\u8fdc\u79bb\u503a\u5e95\uff0c\u671f\u6743\u4ef7\u503c\u6298\u51cf\u8d8a\u5f3a"", ""mode"": ""progressive"", ""name"": ""progressive_stocklike_haircut""}","{""cost_model_enabled"": 1.0, ""holding_cost_pct"": 0.0, ""market_impact_cap_pct"": 0.02, ""market_impact_coeff"": 0.001, ""max_hold_days"": 180.0, ""min_gap_pct"": 0.0, ""sell_gap_pct"": 0.0, ""slippage_pct"": 0.0015, ""stop_gap_ratio_floor"": 0.3, ""stop_signal_threshold"": 999.0, ""switch_hurdle_pct"": 0.03}",0.007165,0.169186,-0.086349,0.5539,269,242,0.147599
progressive_stocklike_haircut,越像股票、越远离债底，期权价值折减越强,2023,20230101,20231231,"{""description"": ""\u8d8a\u50cf\u80a1\u7968\u3001\u8d8a\u8fdc\u79bb\u503a\u5e95\uff0c\u671f\u6743\u4ef7\u503c\u6298\u51cf\u8d8a\u5f3a"", ""mode"": ""progressive"", ""name"": ""progressive_stocklike_haircut""}","{""cost_model_enabled"": 1.0, ""holding_cost_pct"": 0.0, ""market_impact_cap_pct"": 0.02, ""market_impact_coeff"": 0.001, ""max_hold_days"": 180.0, ""min_gap_pct"": 0.0, ""sell_gap_pct"": 0.0, ""slippage_pct"": 0.0015, ""stop_gap_ratio_floor"": 0.3, ""stop_signal_threshold"": 999.0, ""switch_hurdle_pct"": 0.03}",-0.019573,0.008046,-0.0827,0.4981,259,242,-0.012629
progressive_stocklike_haircut,越像股票、越远离债底，期权价值折减越强,2024,20240101,20241231,"{""description"": ""\u8d8a\u50cf\u80a1\u7968\u3001\u8d8a\u8fdc\u79bb\u503a\u5e95\uff0c\u671f\u6743\u4ef7\u503c\u6298\u51cf\u8d8a\u5f3a"", ""mode"": ""progressive"", ""name"": ""progressive_stocklike_haircut""}","{""cost_model_enabled"": 1.0, ""holding_cost_pct"": 0.0, ""market_impact_cap_pct"": 0.02, ""market_impact_coeff"": 0.001, ""max_hold_days"": 180.0, ""min_gap_pct"": 0.0, ""sell_gap_pct"": 0.0, ""slippage_pct"": 0.0015, ""stop_gap_ratio_floor"": 0.3, ""stop_signal_threshold"": 999.0, ""switch_hurdle_pct"": 0.03}",0.020073,0.024431,-0.168647,0.4719,267,242,-0.017731
